CustomerID,cutoff,label,prob_Cox_All,prob_BG_NBD
12347,2011-10-01,0,0.258258678925976,0.15162929875563624
12348,2011-10-01,0,0.22383158143775217,0.29906926878304296
12352,2011-10-01,0,0.2606911757263177,0.5149077843068538
12358,2011-10-01,0,0.23258032980634102,0.12748823542545404
12360,2011-10-01,1,0.25797222248957863,0.1793310428749257
12362,2011-10-01,1,0.5912022073869889,0.440590614527213
12363,2011-10-01,0,0.25493552319156243,0.18530500970935307
12364,2011-10-01,1,0.3670980183617564,0.3648219574776674
12372,2011-10-01,0,0.22673070616753832,0.3222907290911576
12375,2011-10-01,0,0.22587309167006453,0.21153280407349306
12378,2011-10-01,0,0.2969731442523892,0.151730349505306
12379,2011-10-01,0,0.22713905187520733,0.2691833681588013
12380,2011-10-01,1,0.22774225469732212,0.2845087608109025
12381,2011-10-01,1,0.2656135214403964,0.16680082344985417
12384,2011-10-01,0,0.25445956219160437,0.16363766138404143
12388,2011-10-01,0,0.45353320294353605,0.2798955316493156
12390,2011-10-01,0,0.22738913108063386,0.27812632171899243
12393,2011-10-01,0,0.22753329486677676,0.3169650764140481
12395,2011-10-01,1,0.25242051019788836,0.17974331732545265
12397,2011-10-01,0,0.2373785863408897,0.14410988895207894
12399,2011-10-01,0,0.2547017099774981,0.16702966177499193
12405,2011-10-01,0,0.23875523130714993,0.12940494116322102
12407,2011-10-01,1,0.31060741530160196,0.20557050880878353
12408,2011-10-01,0,0.22729802233340735,0.2110938284568272
12409,2011-10-01,0,0.24592639759681123,0.4987690025036315
12412,2011-10-01,0,0.41783289297015946,0.3025095984420383
12415,2011-10-01,1,0.7315373887180864,0.7195514005186304
12417,2011-10-01,0,0.3662913676894066,0.28417983372959876
12418,2011-10-01,0,0.2592097472994269,0.1794085332416703
12421,2011-10-01,0,0.25448763448745004,0.17562515826406444
12422,2011-10-01,0,0.22648120695617602,0.21935474163762755
12423,2011-10-01,0,0.25459360875377,0.2057193280526511
12425,2011-10-01,0,0.22819107538797279,0.2845087608109025
12428,2011-10-01,0,0.38632942835894735,0.22793716798359925
12431,2011-10-01,1,0.4220579455916792,0.5365186744024119
12433,2011-10-01,1,0.2328294427221821,0.23209126083022483
12434,2011-10-01,0,0.22760613286483755,0.2570798003371724
12435,2011-10-01,0,0.2349123101878393,0.2780385646200142
12436,2011-10-01,0,0.2267370401876715,0.20863948551923162
12437,2011-10-01,1,0.2905721245566131,0.6416233824026321
12438,2011-10-01,0,0.23559945124862414,0.13813242433879672
12444,2011-10-01,1,0.374161278630749,0.32989069043168
12449,2011-10-01,0,0.37952611334936803,0.3043923062313151
12450,2011-10-01,0,0.23201176389716582,0.1221029792667463
12453,2011-10-01,0,0.23509147695692179,0.14534782674521377
12455,2011-10-01,0,0.5882750435372703,0.4379840957174417
12456,2011-10-01,1,0.2370963782608142,0.14930033994761757
12457,2011-10-01,1,0.2711679652583807,0.6992293673141046
12458,2011-10-01,0,0.22686186991374424,0.3231425139759353
12461,2011-10-01,0,0.412410057992322,0.25758134777648695
12464,2011-10-01,0,0.39554000356996133,0.2538908373504751
12471,2011-10-01,1,0.7906845054613543,0.8162734287676675
12472,2011-10-01,1,0.23470813597488072,0.14036891238231045
12473,2011-10-01,1,0.25784405382355047,0.17571227085461888
12474,2011-10-01,1,0.43642277039853383,0.44320755523623606
12476,2011-10-01,1,0.4003939749866068,0.2877841972338442
12477,2011-10-01,1,0.2972793050835597,0.2057475213899143
12480,2011-10-01,0,0.23417320646118567,0.1348289307814004
12483,2011-10-01,1,0.22665865921223438,0.21123313352434434
12484,2011-10-01,0,0.322227064872587,0.33244265627186187
12488,2011-10-01,0,0.22709598181757795,0.2984706008600139
12490,2011-10-01,0,0.4481662478109769,0.4781741302587962
12492,2011-10-01,1,0.2535672590628417,0.19433529778844222
12497,2011-10-01,0,0.22747556228093424,0.26960983560925217
12500,2011-10-01,1,0.2553617777450331,0.1919146578319564
12502,2011-10-01,0,0.3647463265497892,0.3032840734776079
12507,2011-10-01,0,0.3060739609563463,0.20579901867714392
12510,2011-10-01,0,0.23066689985141653,0.13574635007072677
12513,2011-10-01,0,0.2589585997669278,0.17938581355698832
12516,2011-10-01,0,0.22730716929363037,0.28775454720244725
12517,2011-10-01,0,0.42612939611030454,0.3297972933425911
12518,2011-10-01,1,0.36246311375848894,0.3721375842404486
12520,2011-10-01,0,0.42227700234936927,0.28926011324890616
12521,2011-10-01,0,0.23454973470642793,0.13577381456920595
12523,2011-10-01,1,0.5513959048287842,0.6170684237295915
12526,2011-10-01,1,0.22757567562697545,0.22284249958384686
12527,2011-10-01,0,0.22545034950710785,0.2695061381656663
12528,2011-10-01,1,0.3745914115163682,0.243858886535255
12530,2011-10-01,1,0.25665979261591365,0.16047541344627816
12534,2011-10-01,0,0.2368211926109285,0.15036156006993764
12535,2011-10-01,0,0.2265148775952538,0.23142740940829687
12540,2011-10-01,1,0.720322534763886,0.720763450367653
12545,2011-10-01,0,0.22636412436416598,0.2991673989298957
12546,2011-10-01,1,0.2283355515503649,0.2878626519622271
12550,2011-10-01,0,0.2289972127640142,0.279111775832763
12553,2011-10-01,1,0.4050139160994056,0.2432060739233638
12556,2011-10-01,1,0.23409484154137528,0.12666714739463847
12557,2011-10-01,0,0.24498082192264448,0.12030347246963702
12560,2011-10-01,0,0.36386545456352104,0.2537533303765501
12562,2011-10-01,1,0.4019891525375846,0.3220199099167418
12566,2011-10-01,0,0.22663106129941202,0.24964114529344603
12567,2011-10-01,0,0.3076396548514707,0.3402866338262437
12569,2011-10-01,1,0.6938442437692451,0.835976198060787
12571,2011-10-01,0,0.2553041754244122,0.16371765827060017
12576,2011-10-01,0,0.39257972308994316,0.2643065037565579
12579,2011-10-01,0,0.22720654555573838,0.284454278122078
12583,2011-10-01,1,0.6480487557411688,0.5612179844994132
12584,2011-10-01,1,0.4806363736304702,0.491034113571616
12589,2011-10-01,0,0.23174975314010293,0.13366604932024131
12592,2011-10-01,0,0.22626777917539442,0.22907260766834153
12593,2011-10-01,0,0.36172220800944543,0.2770709964155943
12594,2011-10-01,1,0.25967099846379527,0.16384114113090145
12598,2011-10-01,0,0.2268549877449607,0.32352800248743097
12599,2011-10-01,0,0.3410504067015592,0.2227937790041735
12600,2011-10-01,0,0.5034007043315226,0.4632027210524531
12604,2011-10-01,0,0.22632020485505056,0.27902338168705393
12609,2011-10-01,0,0.22670764253999265,0.2843147637034712
12610,2011-10-01,1,0.366806631622402,0.285454187173134
12612,2011-10-01,0,0.2274709006530543,0.30516311222142917
12615,2011-10-01,0,0.22755096504743122,0.32181171598057384
12616,2011-10-01,0,0.22707866883809014,0.2200167746186603
12619,2011-10-01,0,0.6729829022817906,0.6406054482332776
12620,2011-10-01,0,0.22707268065849873,0.27362736243889
12621,2011-10-01,1,0.6225320989478401,0.6706787686402481
12624,2011-10-01,0,0.2558608829637167,0.1921200610543998
12626,2011-10-01,1,0.4426365872842508,0.45080260312181236
12627,2011-10-01,1,0.5795777638024616,0.6794882731735457
12633,2011-10-01,1,0.2547803508701997,0.1516740875744474
12635,2011-10-01,0,0.4317464915534148,0.2607820258983336
12637,2011-10-01,1,0.4755007359815716,0.43032791485434746
12640,2011-10-01,0,0.22818839197687346,0.26952443179701396
12641,2011-10-01,0,0.2535489445381659,0.17398890864642008
12642,2011-10-01,1,0.25638316145050766,0.18942576179246093
12643,2011-10-01,0,0.2626208029305571,0.15325473816454652
12644,2011-10-01,0,0.2575928179313113,0.15172939556368006
12645,2011-10-01,0,0.2576804361865873,0.1855078209769869
12647,2011-10-01,0,0.6186032387448682,0.5567555868183406
12648,2011-10-01,0,0.23307752801790071,0.1237998983918106
12649,2011-10-01,0,0.2812383456919152,0.29732343460218735
12653,2011-10-01,0,0.23717116119910064,0.12948051022154686
12656,2011-10-01,0,0.40087517425039365,0.3585290372394018
12657,2011-10-01,1,0.2273774142813655,0.28331843298248205
12662,2011-10-01,1,0.3777550370849203,0.2608030596099754
12664,2011-10-01,1,0.3975443516816206,0.2814417713140136
12669,2011-10-01,0,0.2338528430371607,0.12748151137373717
12670,2011-10-01,0,0.2275597389000339,0.2110270280141334
12674,2011-10-01,0,0.22709040798280433,0.23170279826462628
12676,2011-10-01,0,0.41573339309579693,0.33950707218857623
12678,2011-10-01,1,0.583205056097111,0.5735169807608173
12679,2011-10-01,1,0.22439352549347746,0.24534615908337737
12680,2011-10-01,0,0.425702591460537,0.5771657703326312
12681,2011-10-01,1,0.5323289080793621,0.4418186751498798
12682,2011-10-01,1,0.8406020004632628,0.8511682261157976
12683,2011-10-01,1,0.3116794754899078,0.3580399982143899
12685,2011-10-01,1,0.3105810325873971,0.6696195992113964
12688,2011-10-01,0,0.30420668195615397,0.17732273216925834
12689,2011-10-01,0,0.2580668736926923,0.15449897864445447
12691,2011-10-01,1,0.23166944840260983,0.13273424738777495
12693,2011-10-01,0,0.25344856665251725,0.15496236246327366
12694,2011-10-01,0,0.22664701711521484,0.3290080965497571
12695,2011-10-01,1,0.25476582485578303,0.18974696079867467
12697,2011-10-01,0,0.23231527677375186,0.14923756977700267
12700,2011-10-01,1,0.2367778407801402,0.12204935450988365
12701,2011-10-01,0,0.22734992236818896,0.27836713182687134
12703,2011-10-01,0,0.22687726295950672,0.32379441093703587
12704,2011-10-01,0,0.4845039820116507,0.5209430895609637
12705,2011-10-01,1,0.48238457950243885,0.26150192928437244
12708,2011-10-01,0,0.350711683572858,0.4101703787957517
12709,2011-10-01,1,0.5676922188285762,0.5786736989513942
12710,2011-10-01,0,0.22711513395651428,0.21676212488907556
12712,2011-10-01,1,0.39070086392517056,0.25643331631603694
12714,2011-10-01,0,0.2645305542760955,0.19164707379471183
12715,2011-10-01,0,0.2560175590644148,0.19214768634127324
12716,2011-10-01,0,0.2349694595512819,0.14658328833110026
12717,2011-10-01,0,0.23325914246455426,0.12671495738796423
12718,2011-10-01,0,0.22662144626124126,0.3234659056945037
12720,2011-10-01,1,0.6783035800993225,0.7900003146449793
12721,2011-10-01,0,0.2269532869408758,0.27868996437834054
12722,2011-10-01,0,0.5926923426620777,0.5682054907389135
12724,2011-10-01,0,0.22746583438159562,0.2696311951962137
12726,2011-10-01,0,0.22695003951183856,0.24961245765610449
12727,2011-10-01,0,0.22605103863550813,0.21981713580999626
12728,2011-10-01,0,0.22639274172189072,0.3231690689105726
12729,2011-10-01,0,0.25712531104790115,0.17754625432733306
12731,2011-10-01,1,0.5073930001557829,0.4707033723042553
12739,2011-10-01,0,0.28978507860867986,0.40984622246696084
12743,2011-10-01,0,0.23891619155583077,0.1926793615746131
12744,2011-10-01,1,0.2478521217978078,0.13365865517295436
12747,2011-10-01,1,0.25458624147858555,0.18533354761564447
12748,2011-10-01,1,0.9999999999999999,0.9984810936500907
12749,2011-10-01,0,0.24074447654103037,0.20435501397097264
12750,2011-10-01,0,0.255000905255636,0.15303799717414468
12752,2011-10-01,0,0.23653230573295847,0.269802196354001
12753,2011-10-01,0,0.24562170703358488,0.14386175381062197
12756,2011-10-01,0,0.22627485433338013,0.24886374221025462
12757,2011-10-01,1,0.2353417650422902,0.13583030443174582
12758,2011-10-01,0,0.2646869267405718,0.17197216358776124
12763,2011-10-01,0,0.23247302118758673,0.14048076848424723
12766,2011-10-01,1,0.23580130918785425,0.12860959246743464
12782,2011-10-01,0,0.2336604547091714,0.12848174377259075
12783,2011-10-01,1,0.2267710444019453,0.29960601754860483
12787,2011-10-01,0,0.22615321915221642,0.23191146086430056
12794,2011-10-01,1,0.227021684001124,0.2112684536699123
12814,2011-10-01,0,0.24958572743601148,0.2035509472368874
12815,2011-10-01,0,0.23276437522763926,0.13047314502659346
12816,2011-10-01,0,0.2255091522741962,0.21970235858458398
12820,2011-10-01,1,0.22664301460377667,0.30427697249683394
12822,2011-10-01,0,0.2803551998504672,0.47890052658596355
12823,2011-10-01,0,0.4146838893435464,0.32659378135201805
12826,2011-10-01,0,0.2266868688643372,0.3219521910836725
12828,2011-10-01,1,0.39414489626869287,0.496545326335218
12830,2011-10-01,0,0.4897531296256148,0.5489129573682817
12832,2011-10-01,0,0.2267156321837659,0.21146758516425143
12833,2011-10-01,0,0.2331487570368539,0.13268322717583053
12836,2011-10-01,1,0.23328247784120204,0.14172560471032317
12839,2011-10-01,1,0.6982935267400434,0.6447158096809312
12840,2011-10-01,0,0.23427393412684816,0.1346223306564287
12841,2011-10-01,1,0.6508057045012039,0.6330501117240457
12842,2011-10-01,0,0.2279689328487543,0.329684736233157
12843,2011-10-01,1,0.2326667211811233,0.1194134999062837
12844,2011-10-01,0,0.23288218787714854,0.15051627946197185
12851,2011-10-01,0,0.22718404208782716,0.21684244979722866
12853,2011-10-01,0,0.24111248701108423,0.35731105050400525
12854,2011-10-01,0,0.22754758934759978,0.283436668779298
12864,2011-10-01,0,0.2319551266115749,0.14042440982615229
12865,2011-10-01,0,0.2630043722936024,0.16042417753527274
12867,2011-10-01,0,0.2290987433664865,0.21694833557115317
12871,2011-10-01,0,0.22615747930459007,0.25749304604449047
12875,2011-10-01,0,0.23197727074095875,0.13489367103149486
12877,2011-10-01,0,0.3986634122074406,0.33034986198731925
12879,2011-10-01,1,0.2650338874346768,0.4336747689309186
12883,2011-10-01,0,0.22618575293438903,0.23898214458194586
12884,2011-10-01,0,0.2237722315382784,0.24215599287781153
12885,2011-10-01,1,0.25915579599319294,0.16052454543295505
12895,2011-10-01,1,0.22652924773503902,0.24871868882872442
12901,2011-10-01,1,0.5461966217857633,0.5909678418876062
12906,2011-10-01,0,0.2253211212843449,0.5049342136667204
12909,2011-10-01,0,0.22688738805879605,0.2456183906813914
12910,2011-10-01,1,0.39584101991218257,0.30671030617835915
12915,2011-10-01,0,0.2318223952232248,0.12951728682915614
12916,2011-10-01,0,0.23418923229241562,0.14030367765754312
12917,2011-10-01,0,0.25785151903491,0.1534750256422763
12919,2011-10-01,0,0.36724805670853977,0.24014447674987163
12921,2011-10-01,1,0.724547257314818,0.9185167307026135
12924,2011-10-01,0,0.22655639218351686,0.24226637184955038
12925,2011-10-01,0,0.22703878048224357,0.3041050649106445
12928,2011-10-01,1,0.23330387190005786,0.13038022832699714
12930,2011-10-01,0,0.22647232839260745,0.28405652185761676
12931,2011-10-01,1,0.7721579635183797,0.6205599878597605
12935,2011-10-01,0,0.38849660738947367,0.250410189949051
12936,2011-10-01,0,0.2282942194122859,0.2837614918619285
12937,2011-10-01,0,0.22734985811143626,0.32293465623917755
12939,2011-10-01,1,0.42019261222209425,0.48544651109944775
12940,2011-10-01,1,0.2264891832059026,0.2453008467755044
12942,2011-10-01,0,0.2335623520083845,0.14925787196722856
12947,2011-10-01,0,0.232409822055618,0.13465009074345005
12948,2011-10-01,1,0.2581984095323657,0.19432587560284054
12949,2011-10-01,0,0.33888234881053425,0.5694065380132746
12952,2011-10-01,1,0.22808064219752244,0.2843249673240875
12955,2011-10-01,1,0.3836619007769372,0.2770289663340506
12957,2011-10-01,0,0.22537451507777406,0.5779129013303224
12962,2011-10-01,0,0.2542496984400666,0.17770082908216467
12963,2011-10-01,1,0.22666631198035336,0.2564858816150075
12965,2011-10-01,0,0.2299267322845463,0.23901317830585467
12968,2011-10-01,0,0.25361718692435886,0.17977820717477108
12971,2011-10-01,1,0.9977807280258514,0.9905974201880279
12977,2011-10-01,0,0.23157769896716096,0.1221764046765796
12980,2011-10-01,0,0.22869840099198202,0.12103514662627173
12981,2011-10-01,0,0.23265040073274912,0.1466242403082313
12987,2011-10-01,0,0.2263549274849166,0.31007245676699785
12989,2011-10-01,1,0.44102509340477636,0.25687310459332713
12991,2011-10-01,0,0.255887709346855,0.17969100813474073
12993,2011-10-01,0,0.25478170521114785,0.16529574973798947
12994,2011-10-01,0,0.25542477209282244,0.16563757903536966
12995,2011-10-01,0,0.2260813341769169,0.25365466927699415
12997,2011-10-01,0,0.22665801819754194,0.24145685455888802
13000,2011-10-01,0,0.2535893718280746,0.1917203933034893
13001,2011-10-01,0,0.23471962062252205,0.12040471264949561
13003,2011-10-01,0,0.40278926308699636,0.2522308794110162
13004,2011-10-01,1,0.48350635212036863,0.5021362112284835
13012,2011-10-01,0,0.4442261381602636,0.27807376606894946
13013,2011-10-01,1,0.6233540865594134,0.6442728968098177
13014,2011-10-01,0,0.3782617260929425,0.3654121259873631
13016,2011-10-01,0,0.43259924435604624,0.5379382206506571
13018,2011-10-01,1,0.757866836817433,0.8632168221362605
13021,2011-10-01,0,0.22412825903870393,0.5910180362554472
13023,2011-10-01,1,0.25581302612572443,0.15167313434389518
13026,2011-10-01,0,0.22664720948206707,0.22841088260950035
13027,2011-10-01,0,0.4494052557007341,0.4164770777020133
13029,2011-10-01,0,0.23182062059038377,0.14035422925719146
13032,2011-10-01,1,0.22776566876109205,0.2462712143774394
13035,2011-10-01,0,0.2273434949358405,0.309318432471836
13037,2011-10-01,0,0.2327770386885396,0.14055762010605222
13038,2011-10-01,0,0.22609226293173523,0.27448229888763276
13045,2011-10-01,0,0.22699269669212596,0.20895720908104254
13047,2011-10-01,1,0.257003568340638,0.1549693295227653
13048,2011-10-01,0,0.2573490608725114,0.17752400741092056
13050,2011-10-01,1,0.4780663742582263,0.4427946271558168
13055,2011-10-01,0,0.2252579563144982,0.5046790458652815
13058,2011-10-01,1,0.2313086142921672,0.12660478325569616
13061,2011-10-01,0,0.22636676077901707,0.3170629154708582
13064,2011-10-01,0,0.4251017761842104,0.2649418151415086
13067,2011-10-01,0,0.22615672180324276,0.26549194533383635
13069,2011-10-01,1,0.524088471711991,0.5597830914523648
13075,2011-10-01,0,0.2616101207153958,0.15171604164698332
13078,2011-10-01,1,0.6157387570288712,0.6907728323311388
13079,2011-10-01,0,0.4659206567149293,0.4810614549830129
13081,2011-10-01,0,0.25160881769198684,0.13472592682894183
13082,2011-10-01,0,0.3609693221536521,0.21957068584425515
13083,2011-10-01,0,0.22638060351353662,0.29851569744729184
13085,2011-10-01,0,0.23179694467533918,0.12113034409660905
13089,2011-10-01,1,0.9977811410172106,0.9900392014665885
13090,2011-10-01,1,0.23474153235309836,0.14290733354052634
13092,2011-10-01,0,0.2262056219985923,0.32851280247673487
13094,2011-10-01,0,0.5611101845481654,0.4360828520333611
13095,2011-10-01,0,0.2263627501005302,0.3287189873258661
13097,2011-10-01,0,0.4047302401100237,0.3365807735174506
13098,2011-10-01,1,0.8007553800763098,0.8132450282922136
13099,2011-10-01,0,0.22649507955977677,0.20924126299121037
13102,2011-10-01,1,0.5275016964251122,0.5580549530177993
13104,2011-10-01,1,0.37029378146934055,0.3030244797987745
13106,2011-10-01,0,0.23158340800877253,0.1466759081966254
13107,2011-10-01,1,0.22713906680894957,0.2526804539767675
13109,2011-10-01,1,0.23344270259694155,0.12123055443895048
13110,2011-10-01,1,0.23585290415568105,0.18415001750894144
13113,2011-10-01,1,0.33327885806125757,0.26923613875773544
13116,2011-10-01,0,0.2336535642073635,0.14049793013989356
13117,2011-10-01,0,0.2535378104416821,0.16355552429953713
13122,2011-10-01,0,0.22629544829350556,0.2230373710009613
13124,2011-10-01,0,0.23031138460720468,0.23861751547270835
13126,2011-10-01,1,0.22685942029398232,0.3156439952753614
13127,2011-10-01,0,0.22665446248899856,0.28800924931430394
13130,2011-10-01,0,0.22602271289258058,0.2229896577984344
13131,2011-10-01,0,0.22691489307826906,0.32363451147937083
13134,2011-10-01,0,0.22867896028118373,0.25282489606378944
13136,2011-10-01,1,0.4137994356891076,0.470305322806184
13137,2011-10-01,1,0.4528159618373312,0.4788741857271095
13138,2011-10-01,1,0.3890605618655414,0.30735883810713427
13139,2011-10-01,0,0.3790435659299174,0.38089840598436536
13140,2011-10-01,0,0.3233199257794104,0.2912839501811482
13141,2011-10-01,0,0.22899156946794397,0.2566265116771708
13145,2011-10-01,0,0.3640494412689256,0.3094806256513598
13147,2011-10-01,1,0.22570952277440692,0.2086739339350975
13148,2011-10-01,0,0.3362472426797032,0.46971578456165275
13149,2011-10-01,0,0.40138503427419703,0.25397228358348173
13155,2011-10-01,0,0.22671453534910024,0.2783020059727874
13157,2011-10-01,1,0.23337817524054383,0.13705480202787143
13158,2011-10-01,0,0.501319813226065,0.43357109266743316
13159,2011-10-01,1,0.3352794207083527,0.29834189394655347
13162,2011-10-01,0,0.25655094152638114,0.16235520842550855
13167,2011-10-01,1,0.28405928958266946,0.21514572435641022
13178,2011-10-01,0,0.5228387393023658,0.45867961752819314
13183,2011-10-01,0,0.5860738836813345,0.548498212980989
13184,2011-10-01,0,0.34545833257052083,0.4824062400669765
13186,2011-10-01,0,0.3750787734351555,0.30401319594685594
13189,2011-10-01,0,0.25408771701217026,0.17397131933809865
13192,2011-10-01,0,0.22748654267033075,0.21988767324973624
13194,2011-10-01,0,0.23177686908291628,0.1438351882139585
13196,2011-10-01,0,0.2294984795260978,0.25710749265152316
13198,2011-10-01,0,0.38236658024674874,0.22874889124519898
13199,2011-10-01,1,0.5253447019917283,0.5853309795819497
13200,2011-10-01,0,0.4163464103647434,0.3290522796009257
13203,2011-10-01,0,0.2535287444578981,0.16519155350918438
13207,2011-10-01,0,0.23221805703986254,0.1275494570263799
13208,2011-10-01,1,0.2323632872836663,0.12298308880621348
13209,2011-10-01,0,0.32588167102116916,0.2206198603481753
13210,2011-10-01,0,0.22715101056666676,0.22510033728694553
13211,2011-10-01,0,0.22832169776746014,0.22029769611616776
13213,2011-10-01,1,0.2561568331726468,0.15326447195297843
13217,2011-10-01,0,0.41179721873124286,0.40747207686460646
13218,2011-10-01,0,0.253521899641418,0.1549106268785488
13220,2011-10-01,0,0.2257090885304056,0.2837174607918311
13224,2011-10-01,1,0.2368038095001631,0.12669038384053166
13225,2011-10-01,1,0.23295406212427627,0.13494339776287972
13228,2011-10-01,0,0.22682620803825537,0.26997341908958616
13230,2011-10-01,0,0.2982318933140158,0.3690849250975143
13232,2011-10-01,0,0.22684313906110043,0.211411715609845
13233,2011-10-01,0,0.22695707808807508,0.30465273833236417
13236,2011-10-01,0,0.25657014266980926,0.19156008034434419
13240,2011-10-01,0,0.22641208085369702,0.2170130950887588
13242,2011-10-01,0,0.2544245391679958,0.179548989350201
13244,2011-10-01,0,0.22650940933931163,0.2286397539657513
13247,2011-10-01,1,0.22677652200592613,0.2651169766179193
13248,2011-10-01,0,0.25340977665096553,0.15905838607577003
13249,2011-10-01,0,0.24258993266200968,0.38569012887623144
13253,2011-10-01,0,0.2334473045906591,0.12193548178865747
13263,2011-10-01,1,0.8262465000906499,0.7781655955849798
13265,2011-10-01,1,0.22652021247782383,0.24163247486150843
13266,2011-10-01,1,0.5874215227684447,0.4325379233196459
13267,2011-10-01,0,0.5367009720759659,0.5436619328818855
13268,2011-10-01,0,0.22750389276507677,0.25688335947397284
13269,2011-10-01,1,0.5049229630773355,0.4488035492741624
13272,2011-10-01,0,0.22611882491588198,0.23852475142410365
13273,2011-10-01,0,0.25438126618763246,0.1777323012111201
13276,2011-10-01,1,0.2251692913935326,0.20841132881446264
13277,2011-10-01,0,0.32176625218846355,0.25506612236718
13279,2011-10-01,0,0.22629126548246603,0.2844849220052861
13280,2011-10-01,0,0.25400679550254457,0.1621750523551984
13291,2011-10-01,0,0.23375165667158426,0.12284436291194087
13296,2011-10-01,0,0.23195047253309842,0.14164580347423458
13301,2011-10-01,0,0.4339308207479913,0.24482730459441998
13302,2011-10-01,0,0.22984941090160604,0.12311962139548556
13305,2011-10-01,0,0.5150516189909535,0.5786643697375198
13307,2011-10-01,0,0.25249414189381103,0.16565123627973752
13309,2011-10-01,1,0.2272690874385267,0.2423154619927015
13311,2011-10-01,0,0.23347717143990543,0.12766465959139472
13313,2011-10-01,0,0.23314007267742298,0.1372299832926065
13314,2011-10-01,1,0.22764290920353825,0.309654438559077
13316,2011-10-01,0,0.38845368979664363,0.312426285726692
13319,2011-10-01,1,0.5416196424979067,0.6617664599364945
13320,2011-10-01,0,0.3497800180088515,0.38402702219577195
13321,2011-10-01,0,0.2744760203440665,0.48088969576280394
13323,2011-10-01,0,0.22580126789258037,0.2572044636222178
13324,2011-10-01,0,0.2242717037503823,0.4090400565932053
13325,2011-10-01,0,0.2273192494480203,0.2692655082286468
13327,2011-10-01,0,0.3650593264686324,0.25238746230448406
13330,2011-10-01,0,0.22729896602075128,0.2287292490743497
13334,2011-10-01,0,0.22877374541044904,0.265796849347894
13336,2011-10-01,0,0.22860773541552315,0.28877613555290466
13338,2011-10-01,0,0.2328096708195031,0.12101818450451428
13340,2011-10-01,1,0.45541554647069293,0.5661525156709399
13347,2011-10-01,0,0.2257093231075019,0.3291091793652454
13350,2011-10-01,0,0.22705252342237814,0.27890888187309654
13354,2011-10-01,0,0.2285183700204899,0.3225770810144001
13355,2011-10-01,0,0.25953097568057215,0.16227763738153997
13356,2011-10-01,0,0.22819592733587402,0.2744696402084498
13364,2011-10-01,0,0.2263196736559525,0.3238877610605458
13372,2011-10-01,0,0.22650881987393556,0.2386198950014306
13373,2011-10-01,1,0.23673863608138312,0.12026757028007651
13375,2011-10-01,0,0.22815968610933546,0.24173748304448683
13376,2011-10-01,0,0.22598842586366907,0.2090882139195474
13379,2011-10-01,1,0.2325299876076995,0.14278480888852768
13381,2011-10-01,0,0.49912991601066314,0.45575819473446977
13384,2011-10-01,1,0.5021139775064754,0.6430075340206285
13388,2011-10-01,0,0.2370673221480203,0.20123641871951173
13389,2011-10-01,0,0.22683330471249674,0.30382029481604084
13390,2011-10-01,0,0.2270366813850041,0.3035321829760618
13394,2011-10-01,1,0.5521422541224461,0.44950120160629864
13397,2011-10-01,0,0.37110853802663757,0.3775869950814496
13402,2011-10-01,0,0.2560240513002262,0.15484302504366868
13405,2011-10-01,0,0.22485147872543254,0.3055017120781307
13408,2011-10-01,1,0.9746424241138703,0.9611708232545225
13410,2011-10-01,0,0.22631869155305473,0.3042378850410743
13411,2011-10-01,0,0.2547895854293082,0.1898352960406297
13414,2011-10-01,0,0.3123101546731446,0.20696921012117717
13416,2011-10-01,1,0.22612253718843178,0.27001932000335643
13418,2011-10-01,1,0.6048627747103483,0.6437834235630159
13420,2011-10-01,0,0.23129338211915684,0.1284121155906254
13425,2011-10-01,0,0.2569669012228747,0.18799016622991635
13426,2011-10-01,1,0.2269668364973757,0.2385081092180649
13427,2011-10-01,0,0.2552604231259291,0.1653547017998113
13429,2011-10-01,1,0.22693043427159443,0.29969693124799773
13430,2011-10-01,0,0.22717513895871955,0.2496307126492798
13431,2011-10-01,1,0.22832918190936258,0.24189883889245067
13434,2011-10-01,0,0.29403027852614594,0.4281275033935035
13435,2011-10-01,1,0.4902749936630457,0.5259105388419453
13437,2011-10-01,0,0.35264458809229404,0.294240820192677
13441,2011-10-01,0,0.22672274855830932,0.23153927596312007
13448,2011-10-01,0,0.23006040069440925,0.27415356051136247
13450,2011-10-01,0,0.36707018873944597,0.3180666834287018
13451,2011-10-01,0,0.26274384552372176,0.15634005258252254
13456,2011-10-01,1,0.23149000811791665,0.12296682537884246
13458,2011-10-01,1,0.34182574548895217,0.28329356076702
13461,2011-10-01,0,0.23270914067516324,0.14035015115889646
13468,2011-10-01,1,0.8234590735819307,0.8220630708796306
13470,2011-10-01,0,0.3093126117665984,0.3192837539263008
13477,2011-10-01,1,0.23221742589707273,0.14043584124279102
13481,2011-10-01,1,0.28303009130455736,0.2920392373245486
13486,2011-10-01,0,0.5680535857604508,0.4396574717866579
13488,2011-10-01,1,0.6135753393143382,0.6824130878368131
13489,2011-10-01,0,0.42662931613246924,0.244344469685843
13491,2011-10-01,1,0.23125443175691807,0.13041611220891675
13492,2011-10-01,0,0.2337157063501748,0.14288534806132616
13499,2011-10-01,0,0.2263371913399319,0.3094640777936988
13500,2011-10-01,0,0.25589529072535633,0.16211617952842328
13503,2011-10-01,0,0.22660163993725735,0.32260354000714764
13505,2011-10-01,0,0.23148423835956966,0.3160112302572022
13507,2011-10-01,0,0.45851762566951804,0.45599003154410894
13509,2011-10-01,1,0.3745926119215738,0.2607071145239277
13510,2011-10-01,1,0.227052146192516,0.2198836413040162
13513,2011-10-01,0,0.25435708411526514,0.15604377257140736
13514,2011-10-01,0,0.22597293496493598,0.30948836574673516
13515,2011-10-01,0,0.5581169339848167,0.4591605254257309
13516,2011-10-01,0,0.22752634337787536,0.31614652701146756
13517,2011-10-01,1,0.2578478027612231,0.19180753378319396
13518,2011-10-01,0,0.22801069553982378,0.25280883864384535
13519,2011-10-01,0,0.22556501399500262,0.28468938745505523
13520,2011-10-01,1,0.23405127368579948,0.14157605141092136
13524,2011-10-01,1,0.3194271019295113,0.39589094199075303
13527,2011-10-01,0,0.4178957012987231,0.672372000383822
13529,2011-10-01,0,0.22606560291140354,0.2828296727499793
13534,2011-10-01,1,0.3899176385254015,0.4740014501227414
13536,2011-10-01,1,0.22718207963922565,0.2991334233170519
13538,2011-10-01,1,0.4702320602419592,0.4512944885917636
13539,2011-10-01,0,0.22638283528158343,0.25277940543149835
13548,2011-10-01,0,0.22793137774470196,0.21709557291440773
13549,2011-10-01,1,0.27415192788505294,0.18258736451595572
13552,2011-10-01,1,0.45693182650224595,0.6440108044390978
13555,2011-10-01,0,0.22639440666757826,0.5556892182533852
13562,2011-10-01,0,0.4098433446651192,0.28979205156716886
13563,2011-10-01,0,0.3949958198731477,0.2898357250903399
13564,2011-10-01,0,0.14332479392483966,0.13377557881519483
13566,2011-10-01,1,0.22940228418877695,0.2653205656395984
13571,2011-10-01,1,0.4595493657103715,0.467960920265107
13575,2011-10-01,1,0.41723436554320226,0.3141519323284114
13576,2011-10-01,1,0.5765542975708328,0.6094836625243136
13577,2011-10-01,0,0.40013587395184835,0.26844802081382313
13583,2011-10-01,0,0.23542786659791304,0.12284685969962604
13588,2011-10-01,1,0.5085336357436476,0.6096282071123975
13590,2011-10-01,1,0.23261224833721017,0.12751648421813674
13593,2011-10-01,0,0.25908850916900383,0.1876705427929581
13599,2011-10-01,0,0.4634748399248494,0.4348895813915952
13610,2011-10-01,1,0.3724991937776959,0.25430065823610204
13611,2011-10-01,0,0.2278399799113766,0.23891771606550297
13614,2011-10-01,0,0.22607022546589528,0.23880803017020488
13617,2011-10-01,1,0.2547397458377405,0.17767330018083372
13621,2011-10-01,0,0.25500857238254226,0.1718299105584281
13627,2011-10-01,1,0.22678529179984352,0.27878467655700323
13629,2011-10-01,1,0.40426320504403,0.46278184753974216
13630,2011-10-01,0,0.348677822087895,0.391138549941033
13631,2011-10-01,0,0.3705636471176359,0.46065012951431533
13634,2011-10-01,0,0.3223676549498502,0.36980044078432833
13636,2011-10-01,0,0.25310528088599304,0.1622863740521897
13639,2011-10-01,0,0.22867955129126183,0.30469585580121444
13643,2011-10-01,0,0.22618808586728312,0.21112167460095466
13644,2011-10-01,1,0.3620727548317856,0.39401246032583154
13645,2011-10-01,0,0.2545937254769729,0.16557956102448407
13647,2011-10-01,0,0.2272727155199571,0.3225947198446008
13650,2011-10-01,1,0.22698183238076286,0.24209471536919022
13654,2011-10-01,1,0.23416732222276804,0.13267084249502564
13655,2011-10-01,0,0.2583322547338115,0.17589317908585528
13658,2011-10-01,0,0.2253757606352378,0.44107124005688564
13662,2011-10-01,0,0.22670233341219392,0.2530633251534176
13667,2011-10-01,0,0.23464504708718736,0.12869519532548726
13668,2011-10-01,1,0.39330457892597415,0.4490882424408037
13669,2011-10-01,1,0.23110311425857144,0.12853230578962907
13670,2011-10-01,0,0.22715865456818962,0.29956815356264394
13675,2011-10-01,0,0.23257265420120188,0.12664192893658952
13678,2011-10-01,0,0.2323065777597606,0.12653386924796667
13681,2011-10-01,1,0.23260498347648384,0.12302251424795993
13694,2011-10-01,1,0.9540092763807333,0.9421063575948643
13695,2011-10-01,1,0.7496458091156153,0.7719037310127108
13699,2011-10-01,0,0.2323566521621876,0.12307888032302872
13700,2011-10-01,1,0.22527627543496687,0.38692726401866545
13704,2011-10-01,1,0.342627009421696,0.8852903652773888
13705,2011-10-01,0,0.23266684426351902,0.13354046041822787
13709,2011-10-01,1,0.38703679711386496,0.2937892150841365
13717,2011-10-01,1,0.25468491745089317,0.15298754526713776
13720,2011-10-01,0,0.25505514864819856,0.17214908389501332
13722,2011-10-01,0,0.23793695778975343,0.2012205060483325
13726,2011-10-01,0,0.25585016225962254,0.20595039105844176
13728,2011-10-01,0,0.35021614585234795,0.27265920472819727
13730,2011-10-01,0,0.23350081820812252,0.1438129149906115
13741,2011-10-01,0,0.22600855067404813,0.3215311453194357
13742,2011-10-01,0,0.2256911717009744,0.2384249335452134
13743,2011-10-01,0,0.590857236489462,0.5534224755071452
13744,2011-10-01,0,0.2266661963858011,0.22002081151008154
13748,2011-10-01,0,0.22408874367260923,0.36578064555437656
13750,2011-10-01,1,0.23273839929204165,0.13818774056077782
13752,2011-10-01,0,0.35874669955221816,0.22396081198607803
13754,2011-10-01,0,0.2322677256497958,0.12659815239942554
13756,2011-10-01,1,0.46358276944873744,0.4641182336537708
13759,2011-10-01,0,0.22730442957500407,0.32320890977021777
13764,2011-10-01,0,0.4584621225619354,0.290673624288912
13767,2011-10-01,1,0.7911020993035859,0.8660926577965665
13769,2011-10-01,0,0.36671361735105135,0.5283322142778457
13772,2011-10-01,0,0.22831712741038857,0.21668773117950826
13774,2011-10-01,0,0.22693234492217695,0.26953967842656024
13777,2011-10-01,1,0.6416848261123715,0.6661600104992466
13778,2011-10-01,0,0.25424677736707557,0.19902301772353334
13782,2011-10-01,1,0.25364013675079733,0.1590384600048489
13784,2011-10-01,1,0.317686326835785,0.3350656356959313
13787,2011-10-01,0,0.22644398718235614,0.29881669943503075
13791,2011-10-01,0,0.2572531041114332,0.15459796967878625
13798,2011-10-01,1,0.8908457930070899,0.8609730603944618
13799,2011-10-01,0,0.25640807015857014,0.17210113178967254
13802,2011-10-01,0,0.23680446880365447,0.14031916538934444
13804,2011-10-01,0,0.5675317531080138,0.5540869093556109
13805,2011-10-01,1,0.25660119462863495,0.1520122897663262
13808,2011-10-01,1,0.2502695999691391,0.37453765140353307
13812,2011-10-01,1,0.25551523093447603,0.19415173136774946
13813,2011-10-01,0,0.4652915552567085,0.5004935569660365
13814,2011-10-01,0,0.36398196213808054,0.28815318166163684
13821,2011-10-01,0,0.23218968037970134,0.13356555923963773
13823,2011-10-01,0,0.22745466207098608,0.23168262532058634
13824,2011-10-01,0,0.23265142883371503,0.14385318318613163
13827,2011-10-01,1,0.2775057940325084,0.2060270700354865
13831,2011-10-01,0,0.37916693732292417,0.29068213264054177
13833,2011-10-01,0,0.23324268081699406,0.11945243273119346
13835,2011-10-01,1,0.2324123152251184,0.12301938431812076
13838,2011-10-01,0,0.28284118277041304,0.25087399892048334
13842,2011-10-01,1,0.490208442810941,0.2687861051794721
13848,2011-10-01,0,0.22608615226830553,0.2287969632806194
13850,2011-10-01,0,0.2698622684369728,0.15193094476911892
13851,2011-10-01,0,0.36662325457829403,0.3017188364732381
13854,2011-10-01,1,0.6296562493805076,0.6388433734801793
13860,2011-10-01,1,0.2271705470720793,0.2488533755479703
13862,2011-10-01,0,0.5843925005104649,0.44314073886876765
13865,2011-10-01,1,0.23214390202338442,0.14273248343469438
13866,2011-10-01,0,0.22612186311372717,0.30500195834867777
13867,2011-10-01,0,0.22738057926029243,0.30440994714779956
13869,2011-10-01,0,0.27080767434143127,0.16066141995128314
13870,2011-10-01,1,0.37560284922709564,0.28206903573951786
13871,2011-10-01,1,0.4378163892224186,0.49064921577857495
13873,2011-10-01,0,0.25400351419839584,0.1668135201302036
13875,2011-10-01,1,0.23354308977214067,0.14635491374560888
13877,2011-10-01,0,0.22618727430940033,0.24984737192546985
13880,2011-10-01,1,0.42327419866789495,0.6733228558787999
13881,2011-10-01,1,0.6067745636828811,0.6923954967525916
13884,2011-10-01,0,0.22725264486104668,0.23879134780283595
13886,2011-10-01,0,0.22647510342266142,0.3225770810144001
13888,2011-10-01,0,0.25616478615248695,0.16681929199176415
13889,2011-10-01,0,0.22684966018349906,0.22830641035343682
13890,2011-10-01,1,0.2558102708350537,0.18976791419730027
13895,2011-10-01,1,0.23414864668652502,0.13482817835477762
13901,2011-10-01,0,0.6114140684331231,0.4331862902576923
13908,2011-10-01,0,0.40911919587878276,0.32433858439449426
13911,2011-10-01,1,0.26850151725161553,0.17454267196110085
13919,2011-10-01,1,0.25458552234231757,0.1635621809718412
13924,2011-10-01,1,0.2279503835353619,0.3168205588227926
13925,2011-10-01,0,0.44425052692347966,0.6119737616388797
13927,2011-10-01,0,0.22698531874206085,0.30431998063066557
13928,2011-10-01,0,0.34657705556244867,0.276019271510923
13930,2011-10-01,1,0.23270127511746674,0.14271223876259814
13931,2011-10-01,0,0.22838898753815595,0.21940289939806248
13933,2011-10-01,0,0.3884075461125932,0.25175991435645556
13939,2011-10-01,0,0.25496870800820404,0.18752137037629676
13940,2011-10-01,1,0.35086026051089647,0.24597072793059258
13941,2011-10-01,0,0.22774187045963523,0.23851048653170134
13946,2011-10-01,0,0.22602094133007344,0.27890888187309654
13949,2011-10-01,1,0.28067005785308063,0.4307430499586875
13950,2011-10-01,0,0.2260978784101464,0.31076085548681004
13953,2011-10-01,1,0.25522431069139284,0.17373421380039455
13954,2011-10-01,0,0.22590735958039432,0.328393795415087
13955,2011-10-01,0,0.23239794365996824,0.12400564563849528
13956,2011-10-01,1,0.23402048157256272,0.140578891851648
13959,2011-10-01,0,0.22764007320690116,0.27921333607410126
13960,2011-10-01,0,0.22589742221061093,0.32240961147376535
13967,2011-10-01,0,0.23168119680274823,0.1326074983863807
13969,2011-10-01,1,0.45724111731326367,0.4574634119425962
13971,2011-10-01,1,0.31706144499940747,0.3021167433516629
13972,2011-10-01,0,0.22636623103258724,0.3286777289299428
13975,2011-10-01,0,0.29270957537548414,0.21715275463814696
13979,2011-10-01,0,0.22891924661374408,0.31043459424883274
13983,2011-10-01,1,0.22695167731545007,0.2419379884227512
13984,2011-10-01,0,0.2533177419869771,0.1562054235898374
13985,2011-10-01,1,0.7444448699055786,0.6472728186612654
13988,2011-10-01,1,0.22970029263587544,0.31574943240172115
13991,2011-10-01,1,0.43757322399776344,0.2895865383052603
13993,2011-10-01,1,0.48090076771636026,0.46122203982367305
13994,2011-10-01,1,0.5378428375862983,0.4582031273193658
13995,2011-10-01,1,0.34914053662999545,0.2500011302126025
13999,2011-10-01,1,0.547363042381402,0.5472551802296006
14002,2011-10-01,0,0.31005097077403876,0.20556228191740014
14004,2011-10-01,1,0.5350643977848186,0.6457467153892523
14005,2011-10-01,0,0.40543364229427936,0.31070212438287237
14006,2011-10-01,0,0.2554158852570726,0.17370415173360743
14013,2011-10-01,0,0.37491543233670277,0.25405950507327946
14014,2011-10-01,0,0.22728285189555075,0.2886112001369816
14019,2011-10-01,1,0.3483401857780807,0.2798332956984535
14020,2011-10-01,0,0.22679545643752141,0.24250464790182807
14021,2011-10-01,0,0.23184733586435136,0.1230381662944241
14024,2011-10-01,0,0.3098887968296241,0.23842779582938795
14029,2011-10-01,1,0.2312722177409936,0.13388232117477608
14030,2011-10-01,0,0.35505661278412404,0.3256526611909009
14031,2011-10-01,1,0.42626567867902343,0.32916208389365387
14032,2011-10-01,0,0.22684020142353156,0.24599497912281496
14034,2011-10-01,0,0.23652125538004698,0.13804386559150061
14035,2011-10-01,1,0.25285756123394987,0.18977240481873472
14038,2011-10-01,0,0.4284312002176113,0.28597620009466124
14040,2011-10-01,1,0.4614526758490455,0.6071561349651291
14044,2011-10-01,0,0.39920416971980166,0.26299153308626966
14045,2011-10-01,0,0.25528122819417,0.18574691205932542
14047,2011-10-01,0,0.2253606341873564,0.31058132443961656
14049,2011-10-01,0,0.23293843923030388,0.12024843123391385
14050,2011-10-01,0,0.25795653738172586,0.19200044405063663
14051,2011-10-01,1,0.5724521599200939,0.546414561569511
14053,2011-10-01,0,0.37299807768824156,0.2209306290795113
14055,2011-10-01,0,0.25831516594720827,0.1921200610543998
14056,2011-10-01,1,0.8042053302950596,0.7680511156895736
14057,2011-10-01,1,0.5935834074026141,0.6930225913638848
14060,2011-10-01,1,0.6173769535788859,0.6770403898790701
14062,2011-10-01,0,0.6174518945289126,0.5902015380426807
14064,2011-10-01,0,0.2555547249235641,0.17805948862668156
14067,2011-10-01,1,0.22647934064589503,0.21676212488907556
14076,2011-10-01,0,0.25486524716823145,0.15200271522174633
14077,2011-10-01,1,0.22628701622354763,0.28373778108576425
14078,2011-10-01,0,0.25480938695530964,0.20355957013357442
14079,2011-10-01,0,0.25568530729004535,0.15902692615374867
14083,2011-10-01,0,0.2916443838036433,0.2248602495363667
14085,2011-10-01,1,0.23363308247413317,0.1370190424767045
14088,2011-10-01,1,0.3782891202900468,0.4078698643685755
14092,2011-10-01,1,0.3264456561689698,0.2902222782015458
14096,2011-10-01,1,0.5230195563833937,0.8869424074221313
14099,2011-10-01,1,0.3835160375954626,0.22807589500253292
14100,2011-10-01,0,0.23270624318963173,0.14150885581857814
14101,2011-10-01,0,0.4406780096638393,0.29267679357406734
14104,2011-10-01,0,0.22188364641729585,0.12383477633396058
14107,2011-10-01,1,0.22753106119837696,0.21715452451099299
14108,2011-10-01,0,0.2554865152900496,0.20348371396949538
14109,2011-10-01,0,0.22632999905452922,0.3155976259438242
14110,2011-10-01,1,0.5678825444169298,0.5706534565903407
14111,2011-10-01,0,0.295543304756538,0.34711114904465673
14112,2011-10-01,1,0.23520567903176237,0.1504646707802457
14113,2011-10-01,0,0.2265695792967547,0.2843555826856928
14116,2011-10-01,1,0.34694165747393435,0.32041580954050736
14117,2011-10-01,0,0.23223285763637957,0.13463733468155023
14124,2011-10-01,0,0.2252849442377528,0.25722941105796887
14125,2011-10-01,0,0.23025569606006524,0.284131226669016
14127,2011-10-01,0,0.25512191918351346,0.16201706515987035
14129,2011-10-01,0,0.22427543456481602,0.36579897087502217
14132,2011-10-01,1,0.5841391942905312,0.5672008874223282
14133,2011-10-01,0,0.2820066346698683,0.20736725994985328
14135,2011-10-01,0,0.35338908186996465,0.39182969276293084
14141,2011-10-01,1,0.3547825045873275,0.3945007855517789
14143,2011-10-01,0,0.2316150959030161,0.14638774850195477
14145,2011-10-01,1,0.2594059519082462,0.14385470656848814
14146,2011-10-01,0,0.2255796566850432,0.4765403316677269
14147,2011-10-01,0,0.2256513049017942,0.2846416519366878
14152,2011-10-01,0,0.22698308417961555,0.2989976000994212
14156,2011-10-01,1,0.9838608306627968,0.9815919580781883
14159,2011-10-01,1,0.5344824327387648,0.5725701727194866
14163,2011-10-01,0,0.42939089173706635,0.2658647165181969
14164,2011-10-01,0,0.2662193539796135,0.5193544166862724
14171,2011-10-01,0,0.22788338981216416,0.21179408713631875
14177,2011-10-01,0,0.2620122340849481,0.6436632431154674
14178,2011-10-01,1,0.3666990520020864,0.2714805044521171
14180,2011-10-01,1,0.62679712707305,0.6427391282147796
14188,2011-10-01,0,0.5871476713873156,0.44369458851790894
14189,2011-10-01,1,0.506789845640778,0.42762146820456187
14191,2011-10-01,1,0.540835555699073,0.6234202913280386
14194,2011-10-01,1,0.6352219764181807,0.7033926133421969
14196,2011-10-01,0,0.2552252144799324,0.191692891854475
14198,2011-10-01,0,0.40374866495615114,0.27864763538781484
14201,2011-10-01,1,0.4354020696893006,0.27533882126557
14208,2011-10-01,0,0.2261554344442055,0.22265417580667354
14209,2011-10-01,0,0.3306984815851354,0.23913350012945997
14210,2011-10-01,0,0.25544009791993616,0.19412352144436681
14211,2011-10-01,1,0.2798056200806359,0.41641053536844375
14212,2011-10-01,0,0.22756455538109577,0.23861751547270835
14214,2011-10-01,1,0.23203737674392355,0.12211593025737873
14215,2011-10-01,0,0.22691159933300076,0.28807212359785944
14217,2011-10-01,1,0.5364326086963311,0.5573721633157773
14221,2011-10-01,1,0.5488350788088392,0.5732924716754858
14223,2011-10-01,0,0.42810387687938656,0.254425812698639
14224,2011-10-01,0,0.3714625735637114,0.25411937629877834
14226,2011-10-01,0,0.2264718564094127,0.3286364812514113
14227,2011-10-01,0,0.2245702999834549,0.44045063102594517
14232,2011-10-01,1,0.3349797338523618,0.254205408341338
14235,2011-10-01,0,0.5172003776874019,0.43481663677729004
14236,2011-10-01,0,0.22662255762874972,0.2734607965678356
14239,2011-10-01,1,0.483201908113878,0.6366579849931462
14243,2011-10-01,0,0.362099078309313,0.27963823028249263
14246,2011-10-01,0,0.3560476886324552,0.26357625323640504
14250,2011-10-01,0,0.23002108881807626,0.2387579901671548
14257,2011-10-01,1,0.39097583417632964,0.22241178127217642
14258,2011-10-01,0,0.4239763532975027,0.265713067890048
14259,2011-10-01,0,0.23200471209855578,0.13687619146792881
14261,2011-10-01,1,0.22870948332671148,0.28313958230760095
14262,2011-10-01,1,0.5524443527219343,0.4326010103432133
14264,2011-10-01,0,0.2319258234325291,0.12373970108233445
14265,2011-10-01,0,0.3872504054281658,0.2515032630449157
14272,2011-10-01,0,0.22680351952935252,0.3096058128868489
14273,2011-10-01,1,0.2325235592157352,0.14291156229658042
14276,2011-10-01,0,0.22722174190846667,0.21101589876414772
14282,2011-10-01,0,0.42803747175919504,0.5600237583570273
14284,2011-10-01,0,0.22621854254699258,0.24941703873692123
14285,2011-10-01,0,0.22822498209988606,0.29871127784273455
14289,2011-10-01,0,0.2312504735090859,0.14515209223290704
14290,2011-10-01,1,0.22646604392145542,0.27000401792832107
14291,2011-10-01,1,0.25588374690599136,0.16522098686480408
14292,2011-10-01,0,0.4249576144507955,0.4616369556245012
14293,2011-10-01,0,0.23276033339451685,0.13068976173755906
14298,2011-10-01,1,0.7092200868826309,0.9150786534137642
14299,2011-10-01,1,0.3564228732223831,0.3802397243077408
14301,2011-10-01,0,0.2585595895916202,0.1705976477792577
14305,2011-10-01,0,0.5176408841234819,0.49757638789461006
14306,2011-10-01,1,0.22969542649385866,0.25281419088650114
14307,2011-10-01,0,0.37492877277601155,0.49281697532785074
14309,2011-10-01,0,0.22687943710039826,0.22567684099671864
14312,2011-10-01,1,0.22614226462073017,0.23202380271160142
14314,2011-10-01,0,0.25388396052959017,0.1917142811822394
14315,2011-10-01,1,0.3795107838452213,0.3969604495340961
14321,2011-10-01,0,0.3879019297140003,0.35710472986643627
14323,2011-10-01,0,0.25551400498833876,0.1756776716126347
14329,2011-10-01,1,0.256793658935456,0.18755791011015327
14331,2011-10-01,0,0.30444460023331577,0.23206762954600263
14332,2011-10-01,1,0.23171012416014802,0.13048159859169697
14334,2011-10-01,0,0.3471297115353469,0.316768047661553
14335,2011-10-01,0,0.22739425638912913,0.21689341877373353
14341,2011-10-01,1,0.2584754758915825,0.20640037289785124
14342,2011-10-01,0,0.2318830459372806,0.1416865240721961
14344,2011-10-01,0,0.30421285186791724,0.22303589485605801
14346,2011-10-01,0,0.26003288338033703,0.16514402960849486
14352,2011-10-01,0,0.23586340340084122,0.13822361640427352
14356,2011-10-01,0,0.2455827024667443,0.48441120816763966
14359,2011-10-01,1,0.227312028139403,0.2451172544674216
14360,2011-10-01,1,0.2298451615400222,0.2225508383944162
14364,2011-10-01,0,0.35036152691932854,0.2706659122144333
14367,2011-10-01,1,0.5620771647781735,0.5689635908893389
14387,2011-10-01,0,0.36709774032752285,0.3791616839711904
14388,2011-10-01,0,0.5136138037024759,0.43701812010032054
14390,2011-10-01,1,0.2343530246804726,0.13373263362649246
14395,2011-10-01,1,0.22899107031905386,0.28352456650384605
14397,2011-10-01,1,0.7355069135431118,0.7927275702361054
14400,2011-10-01,0,0.2341386233127044,0.12870067780278466
14401,2011-10-01,0,0.6934070525240963,0.7564007565295514
14403,2011-10-01,0,0.2767970414645502,0.21472994738598836
14404,2011-10-01,0,0.2555230717044772,0.18746731791671162
14406,2011-10-01,0,0.25391812172654504,0.16728350813004933
14407,2011-10-01,0,0.488651386073909,0.572939555608397
14408,2011-10-01,0,0.3416230105094087,0.2989053023707522
14409,2011-10-01,0,0.5715147112521971,0.4562664463510443
14410,2011-10-01,0,0.3843668875186702,0.4708912000315458
14412,2011-10-01,1,0.22723775658508416,0.3152187676033961
14414,2011-10-01,0,0.5895547250908123,0.7640120780819785
14415,2011-10-01,1,0.3409893799075201,0.30654364305041476
14418,2011-10-01,0,0.25452677347160724,0.18799750992587821
14419,2011-10-01,1,0.22723961747345278,0.30992622124745867
14420,2011-10-01,0,0.2273928265404047,0.20929050546434433
14422,2011-10-01,1,0.2294811785131058,0.3283754945556615
14426,2011-10-01,0,0.23723217901687133,0.17564308663615244
14428,2011-10-01,0,0.2258847536833417,0.279160908447446
14432,2011-10-01,1,0.22743472422875444,0.2388175640142762
14434,2011-10-01,1,0.22607861566396403,0.3169225571220141
14436,2011-10-01,0,0.22620607385014913,0.21106784542467297
14440,2011-10-01,1,0.22636919980872305,0.3162226839640596
14441,2011-10-01,1,0.22656718252608465,0.22227643327007748
14443,2011-10-01,1,0.2332813387003233,0.1403566762304343
14446,2011-10-01,0,0.22858940198404554,0.2740967451445555
14452,2011-10-01,0,0.22662157285273354,0.22551121426854448
14456,2011-10-01,1,0.5541197879910562,0.6884789212280357
14459,2011-10-01,0,0.23915283110089114,0.12295619393262008
14460,2011-10-01,0,0.2541910059505402,0.18361020326631144
14461,2011-10-01,0,0.23280111342580856,0.12975162200450133
14462,2011-10-01,1,0.5049116766665863,0.4635350348868762
14463,2011-10-01,0,0.22506340366378086,0.21163910486607954
14466,2011-10-01,0,0.3874911749641451,0.36012594460853975
14472,2011-10-01,0,0.4640592921898382,0.43534033547611434
14473,2011-10-01,0,0.22606354058028066,0.30506482682926417
14475,2011-10-01,0,0.22676231288349635,0.32191266965724524
14482,2011-10-01,1,0.2260652157646611,0.20913920511497133
14487,2011-10-01,1,0.2561060430595886,0.6812780345399596
14493,2011-10-01,1,0.23432603620504866,0.12308389314891564
14495,2011-10-01,1,0.25315047491846143,0.16382666948381963
14498,2011-10-01,1,0.37350868963518935,0.2410714824453993
14499,2011-10-01,0,0.23351456451863928,0.14649523048339863
14500,2011-10-01,0,0.3281898773658648,0.3498648014056242
14502,2011-10-01,1,0.23325991949644165,0.12859385399022755
14503,2011-10-01,0,0.22813945723232376,0.32952797853705595
14505,2011-10-01,0,0.2653119280928139,0.18567669518363847
14507,2011-10-01,1,0.25599270859941337,0.2038704868502321
14508,2011-10-01,0,0.22636782272728295,0.23843681217767396
14511,2011-10-01,1,0.3532458547808921,0.2956481401036681
14513,2011-10-01,0,0.25412230093986576,0.20598394758685742
14517,2011-10-01,0,0.23231377829112954,0.13692118829625716
14522,2011-10-01,0,0.288918610823522,0.4520468399161351
14523,2011-10-01,0,0.2548022952890654,0.18763834810545163
14524,2011-10-01,0,0.22249796492170337,0.8113039507183136
14525,2011-10-01,1,0.362957180484376,0.30818259659584407
14527,2011-10-01,1,0.9737903001869251,0.9444015152537395
14529,2011-10-01,1,0.35963392924505555,0.372149475411
14530,2011-10-01,0,0.37038912757428877,0.3043336157314559
14533,2011-10-01,1,0.33267690105119774,0.347388517431111
14534,2011-10-01,1,0.5390499179523365,0.55253474958503
14535,2011-10-01,1,0.2622825219438879,0.15479633491123304
14540,2011-10-01,0,0.2276503872002681,0.29892219748761956
14543,2011-10-01,0,0.49435838804038534,0.524053272738068
14546,2011-10-01,1,0.23030442958143948,0.2885866518063347
14548,2011-10-01,0,0.23200552503304428,0.12757907984896963
14552,2011-10-01,0,0.23364940709871795,0.12663662107155554
14557,2011-10-01,0,0.22780962221210965,0.253665447027989
14560,2011-10-01,1,0.4903237228020514,0.6985540077768485
14561,2011-10-01,0,0.22750257632896942,0.29894104447802244
14562,2011-10-01,1,0.686723029033812,0.7401271686114962
14565,2011-10-01,0,0.3201875094037099,0.3322277364297853
14566,2011-10-01,0,0.26621365052237955,0.18333891450396858
14567,2011-10-01,1,0.23439851143401014,0.1505510180577627
14572,2011-10-01,1,0.38396214680786434,0.2518266647074148
14583,2011-10-01,0,0.2340476667155923,0.13370155266389136
14595,2011-10-01,1,0.22592748438138832,0.25324848989258314
14606,2011-10-01,1,0.9998664826502114,0.9868309796849807
14608,2011-10-01,0,0.22694323290753016,0.25301506662307494
14609,2011-10-01,0,0.43587528487361993,0.2916302259983958
14621,2011-10-01,0,0.23296965504448452,0.12202286776595343
14623,2011-10-01,1,0.25516797497238675,0.17222906390138204
14626,2011-10-01,1,0.2626281240570316,0.1619855048793806
14628,2011-10-01,0,0.22644975759083452,0.2322578277706831
14639,2011-10-01,1,0.28629068090749044,0.23940242730592995
14640,2011-10-01,1,0.33464871753020575,0.22226498252633234
14645,2011-10-01,0,0.2329585627545433,0.12190228344826635
14646,2011-10-01,1,0.9985967975148579,0.9641671811968758
14649,2011-10-01,0,0.22759033370607118,0.3169693289906576
14652,2011-10-01,0,0.22664563196314647,0.28883232786854685
14655,2011-10-01,0,0.22684201163039608,0.3276725128142431
14657,2011-10-01,0,0.23231100440260122,0.1231936513102204
14658,2011-10-01,0,0.2531069233331038,0.17060851745813976
14659,2011-10-01,0,0.4359290888436341,0.28380454758839546
14660,2011-10-01,0,0.3073537598608995,0.3875126493267937
14665,2011-10-01,1,0.2273782563686274,0.23842968485398588
14667,2011-10-01,0,0.6606412053700662,0.6819943344429392
14676,2011-10-01,0,0.43705329687722616,0.2798999093900476
14680,2011-10-01,0,0.7143271437872917,0.6531040515540418
14681,2011-10-01,0,0.22354129740378625,0.579023900504652
14684,2011-10-01,1,0.22723306788261755,0.26935074459062847
14687,2011-10-01,0,0.25837141625937465,0.19183659837619244
14688,2011-10-01,1,0.6782706750586988,0.6647196893988497
14690,2011-10-01,1,0.232930752517298,0.12660279392562304
14691,2011-10-01,0,0.30517094041566806,0.6571771831820744
14692,2011-10-01,0,0.2319731551555928,0.14171396140462877
14696,2011-10-01,0,0.407273204811646,0.3505529765601669
14702,2011-10-01,1,0.5668292991472716,0.439933439846251
14704,2011-10-01,1,0.416011031189954,0.28763881775741895
14708,2011-10-01,0,0.23172386782653376,0.12396050036281679
14709,2011-10-01,0,0.6714490068033235,0.6673189062605877
14711,2011-10-01,0,0.3156914830560076,0.35108573971488305
14712,2011-10-01,0,0.3711162567045253,0.368131674988817
14713,2011-10-01,0,0.3491272408581346,0.2982022299367639
14715,2011-10-01,0,0.2271017380443533,0.2225591018114992
14716,2011-10-01,1,0.23259956996104736,0.1295645026332778
14720,2011-10-01,0,0.37119121129410493,0.31375263730440267
14722,2011-10-01,0,0.23277503954694223,0.1306685621559385
14730,2011-10-01,1,0.25446033073952035,0.18976043030470327
14732,2011-10-01,0,0.39584184241374876,0.2804023534988873
14733,2011-10-01,0,0.3696998298572135,0.255202427718922
14735,2011-10-01,0,0.5868822988386839,0.8719646147625657
14737,2011-10-01,0,0.25818395549059747,0.15308751136024526
14738,2011-10-01,1,0.232631400402871,0.14642859074191444
14739,2011-10-01,1,0.22677835957544223,0.2228217888812338
14741,2011-10-01,1,0.25429152759094276,0.1776719894951441
14745,2011-10-01,0,0.3670187910984011,0.450640780735668
14748,2011-10-01,0,0.2562696278388712,0.16057050053794106
14753,2011-10-01,0,0.22764610764692172,0.24599244777068474
14755,2011-10-01,1,0.5323507588422473,0.47587753610868805
14757,2011-10-01,0,0.22694337998973624,0.2993827620607055
14758,2011-10-01,0,0.232308121328211,0.13350061704371938
14759,2011-10-01,0,0.2554349677383052,0.17923360773123803
14765,2011-10-01,0,0.25249088101172246,0.17972721892097784
14766,2011-10-01,0,0.22742747766147753,0.27356133985028425
14768,2011-10-01,0,0.25358025967832976,0.15469808018368542
14769,2011-10-01,0,0.5168671911946225,0.4751615093066233
14772,2011-10-01,0,0.25383300976485657,0.17972453613611397
14775,2011-10-01,1,0.23312371242159813,0.14156775219035114
14776,2011-10-01,1,0.38307300034438685,0.26224908715162504
14778,2011-10-01,0,0.2563652267488836,0.15481520623574294
14780,2011-10-01,1,0.226785431384255,0.2792428354661834
14790,2011-10-01,0,0.25509774050214273,0.16696025011016466
14796,2011-10-01,1,0.5399497240129869,0.5609549476172535
14798,2011-10-01,1,0.23200571153939287,0.1337807637280572
14800,2011-10-01,1,0.5119279592549622,0.48651384044634405
14806,2011-10-01,0,0.22636516558476627,0.2995946573203533
14808,2011-10-01,0,0.5445322661918266,0.5659655739163939
14810,2011-10-01,1,0.39528522223046436,0.26267459167980595
14818,2011-10-01,0,0.22668640186239208,0.3098206950205588
14820,2011-10-01,0,0.2260985432344247,0.2991107773121291
14824,2011-10-01,0,0.2847967150737978,0.45326908439358665
14825,2011-10-01,1,0.37404552119166246,0.3115248287116491
14834,2011-10-01,1,0.4055727765133913,0.34773683712460657
14837,2011-10-01,0,0.312597984556822,0.3656508495315141
14842,2011-10-01,1,0.22637986697600287,0.21992195083473284
14844,2011-10-01,1,0.2589174721318167,0.1606410878000676
14847,2011-10-01,0,0.2327684619398458,0.12948814137832684
14849,2011-10-01,1,0.49433407052695033,0.6785334687577526
14852,2011-10-01,1,0.3636358842180606,0.2783279755678623
14854,2011-10-01,0,0.395497480355004,0.30918501395484316
14855,2011-10-01,0,0.3191162530437647,0.24676151125707138
14857,2011-10-01,1,0.23367392295954137,0.12966251618246252
14859,2011-10-01,0,0.22769152422836725,0.27423566965275425
14862,2011-10-01,0,0.23310302635585745,0.12950757021574588
14866,2011-10-01,1,0.5486060894131017,0.5973572339094735
14868,2011-10-01,0,0.4081703851569649,0.3477725210785836
14869,2011-10-01,0,0.25721039936824863,0.19909555107385513
14875,2011-10-01,0,0.26341668993447864,0.1896901108131738
14878,2011-10-01,0,0.22656177828263124,0.265273328192265
14880,2011-10-01,0,0.22673896921090508,0.28869539834514507
14883,2011-10-01,0,0.22431035758996443,0.5568197388434333
14885,2011-10-01,0,0.23447443509205756,0.1491158731178855
14887,2011-10-01,0,0.22931997400999882,0.279298573938551
14891,2011-10-01,0,0.2322503191802684,0.12979134151238536
14894,2011-10-01,0,0.22771821846696028,0.25335058249452885
14895,2011-10-01,1,0.556561674939774,0.8341118325269701
14897,2011-10-01,1,0.2253819911039321,0.2425882800959492
14898,2011-10-01,0,0.23366077609961078,0.14534345188354958
14901,2011-10-01,0,0.52227472738272,0.665687372486889
14903,2011-10-01,0,0.2602909268749155,0.1590604838491013
14905,2011-10-01,0,0.23281472067113196,0.12114855179477925
14907,2011-10-01,0,0.3779095868600185,0.2640901152768048
14908,2011-10-01,0,0.22629708397665094,0.3045391251466771
14911,2011-10-01,1,1.0,0.9994284904225674
14915,2011-10-01,0,0.22574656327390696,0.23206877037007503
14916,2011-10-01,0,0.5230197445411593,0.45640712202465605
14918,2011-10-01,0,0.3922245753929441,0.23723913666642935
14930,2011-10-01,0,0.29099791874342507,0.29142911570600805
14931,2011-10-01,0,0.22681924349887217,0.3043630012706677
14934,2011-10-01,0,0.2289846754147966,0.2691864094713672
14936,2011-10-01,1,0.2672037577445131,0.18757545428472636
14937,2011-10-01,1,0.23430337032004078,0.15057731744126926
14944,2011-10-01,0,0.4838918284764835,0.5885464286094703
14947,2011-10-01,0,0.4042264897638439,0.3200152781912815
14948,2011-10-01,0,0.5707290207177794,0.6125280846659547
14951,2011-10-01,0,0.22688919478308356,0.2792428354661834
14952,2011-10-01,1,0.28117926677605887,0.4712981766541738
14958,2011-10-01,0,0.23153569909190364,0.13064171926139692
14959,2011-10-01,1,0.2538337253177877,0.18523370370223183
14961,2011-10-01,0,0.5023470814786977,0.44114842328017906
14965,2011-10-01,0,0.22582781393715545,0.36021793463103846
14970,2011-10-01,1,0.23225772179609927,0.14169483728823112
14972,2011-10-01,0,0.253570921079628,0.1533696761390397
14973,2011-10-01,0,0.34788595194137173,0.27316441247604023
14976,2011-10-01,1,0.2534797793782253,0.2040904339932488
14978,2011-10-01,0,0.22728638758340047,0.31631158159142253
14997,2011-10-01,1,0.22650098029031884,0.24221484894321968
15002,2011-10-01,0,0.2580830431432094,0.17378559408434804
15004,2011-10-01,0,0.23970662638852003,0.13063112642917432
15005,2011-10-01,1,0.7456097831686075,0.795973139634117
15007,2011-10-01,0,0.23228201868398535,0.11954278411698369
15021,2011-10-01,0,0.44711526965521897,0.2597486237852425
15023,2011-10-01,1,0.45312344680221484,0.40962155437232445
15024,2011-10-01,1,0.34652488760333056,0.2661332120957605
15026,2011-10-01,0,0.22720003806262723,0.2743399575011425
15030,2011-10-01,0,0.22625651102355182,0.3219302334980981
15031,2011-10-01,0,0.25378415986010994,0.18371670213950983
15033,2011-10-01,1,0.5094266136169108,0.4157133657601095
15034,2011-10-01,0,0.22940847297741807,0.32916434254894605
15035,2011-10-01,0,0.22688615579451266,0.238386929995701
15036,2011-10-01,0,0.2278683558008534,0.3169693289906576
15039,2011-10-01,1,0.836310039133642,0.8598535052867
15044,2011-10-01,1,0.41089133200790806,0.30432230713272657
15045,2011-10-01,0,0.23240085227149643,0.12658621861451141
15046,2011-10-01,1,0.35793622673026615,0.30221697456379426
15048,2011-10-01,1,0.25363544693230755,0.17194762028300986
15050,2011-10-01,0,0.22516338177378536,0.5786279736851565
15051,2011-10-01,1,0.23361166143015188,0.12770715530671242
15053,2011-10-01,0,0.23297580678827368,0.12204442587012018
15058,2011-10-01,1,0.39074216279569696,0.3273076334623648
15059,2011-10-01,1,0.2825413514261097,0.29704513151227974
15061,2011-10-01,1,0.7308932424739119,0.8588432764845749
15062,2011-10-01,0,0.2265512212826637,0.32352356618507755
15067,2011-10-01,0,0.22508555479490155,0.5042271084930713
15071,2011-10-01,0,0.2264632247622126,0.2255345569600415
15074,2011-10-01,0,0.26052082902961127,0.19432587560284054
15075,2011-10-01,0,0.22782612514470868,0.28843244595310324
15078,2011-10-01,1,0.8580807557977381,0.8850452292363452
15081,2011-10-01,1,0.22562447032929878,0.24932594971280175
15089,2011-10-01,1,0.4417161345935091,0.5075327412652791
15093,2011-10-01,0,0.2583000590177068,0.17194393939578295
15095,2011-10-01,0,0.4103169746836307,0.47729012960621925
15099,2011-10-01,0,0.22711863692458067,0.25717675002912427
15103,2011-10-01,0,0.22550517757011046,0.24954728341588922
15105,2011-10-01,1,0.38401159219736614,0.49406799335403806
15106,2011-10-01,1,0.23288171742005426,0.1371699817748728
15108,2011-10-01,0,0.23457590297451847,0.1368606822058219
15110,2011-10-01,1,0.2535497634933811,0.15589756669276159
15114,2011-10-01,0,0.6662967716154669,0.6711641614383308
15116,2011-10-01,1,0.23267923293073645,0.1451206842971731
15117,2011-10-01,1,0.25652533427619084,0.16528441765294616
15118,2011-10-01,0,0.23148795106019482,0.14538808789289753
15120,2011-10-01,0,0.23274026036320805,0.14638774850195477
15122,2011-10-01,0,0.25973833808321267,0.17607703711442563
15125,2011-10-01,1,0.4353581600871761,0.5460348987334949
15128,2011-10-01,1,0.25586708746576803,0.15596408139673976
15129,2011-10-01,1,0.4358579764044941,0.46850283872458737
15132,2011-10-01,1,0.25642704269985683,0.1940467696694247
15133,2011-10-01,0,0.2557219084521831,0.15453855975745362
15134,2011-10-01,1,0.4248318681342823,0.328035820278399
15136,2011-10-01,0,0.227844122260357,0.21724301269684748
15140,2011-10-01,1,0.405614593891658,0.5648969586918781
15144,2011-10-01,1,0.7127116394063838,0.7804782001588277
15149,2011-10-01,0,0.23342365800635045,0.1464499088295022
15150,2011-10-01,0,0.7239999380925245,0.6502678058589704
15152,2011-10-01,1,0.6827307619884702,0.748579723920056
15154,2011-10-01,0,0.22795693781232884,0.29971966853047743
15157,2011-10-01,0,0.23305285394531383,0.12385761621183163
15159,2011-10-01,1,0.5976124974537087,0.6409819300856516
15172,2011-10-01,0,0.42850560038163754,0.3095969441086096
15175,2011-10-01,0,0.2268058385232895,0.32211037709184637
15182,2011-10-01,0,0.23272448152270575,0.12386459674964917
15185,2011-10-01,0,0.22636742141141164,0.3292839284701947
15187,2011-10-01,1,0.6773475817636738,0.7428655540205625
15189,2011-10-01,1,0.9435697343410521,0.9261935951927773
15192,2011-10-01,0,0.25521922495508254,0.16692094260466347
15194,2011-10-01,0,0.4597411756322931,0.5244946706081584
15198,2011-10-01,0,0.35296066845226726,0.31442861310578424
15199,2011-10-01,1,0.22586787725301882,0.22233208410792768
15201,2011-10-01,0,0.4131120368008545,0.5196474830439994
15203,2011-10-01,0,0.48650661517788607,0.4915441031595027
15205,2011-10-01,0,0.3900187104326872,0.3167413413457238
15206,2011-10-01,0,0.367117686000487,0.2670403620405598
15214,2011-10-01,1,0.22678195434552284,0.29972345842216386
15215,2011-10-01,1,0.22645207316053628,0.2168091370359636
15216,2011-10-01,0,0.22552612648726633,0.24551497121748064
15218,2011-10-01,1,0.5602947473763483,0.7038221966599171
15220,2011-10-01,1,0.2562466175245003,0.17406684723844898
15228,2011-10-01,1,0.2624104470657186,0.15183822263633154
15232,2011-10-01,0,0.3527440914355374,0.25529889444222276
15237,2011-10-01,0,0.22669566583248224,0.2840904736035915
15238,2011-10-01,0,0.22627420875829396,0.2200349418114699
15239,2011-10-01,0,0.22744015986211674,0.2829575946559704
15240,2011-10-01,1,0.22691257815284394,0.25726545494642866
15241,2011-10-01,1,0.5798118746168979,0.4407165259374667
15243,2011-10-01,0,0.22701695525876675,0.3048370553319452
15245,2011-10-01,0,0.23477390872909454,0.14560026618787728
15247,2011-10-01,0,0.25590325407506076,0.16215106193665987
15249,2011-10-01,1,0.6961695513098815,0.7137432805693252
15251,2011-10-01,1,0.6072686689496729,0.6567578414976676
15253,2011-10-01,0,0.22453564117553582,0.4167127958807814
15254,2011-10-01,0,0.255729878390632,0.15479633491123304
15256,2011-10-01,0,0.23218697469049587,0.1295263107092425
15260,2011-10-01,0,0.3929807194228844,0.27103622382309445
15261,2011-10-01,0,0.23303848047460052,0.1441606520475492
15263,2011-10-01,0,0.2541871135174375,0.1916944195038773
15265,2011-10-01,0,0.23523056512759066,0.1267142931122483
15267,2011-10-01,1,0.23244929490012922,0.1228818254224779
15270,2011-10-01,0,0.2570396887655375,0.17024213428843488
15271,2011-10-01,1,0.4264284343621709,0.5042754032592676
15272,2011-10-01,1,0.22678889848702755,0.249970228243965
15281,2011-10-01,1,0.27377143667097203,0.19741774326892483
15287,2011-10-01,0,0.22676515638229588,0.328842826861469
15288,2011-10-01,1,0.23307030600341228,0.12283936964204292
15289,2011-10-01,0,0.23341062899882248,0.14150885581857814
15290,2011-10-01,1,0.7196480539738489,0.6398037410683256
15291,2011-10-01,0,0.22630745554563492,0.2222146320941718
15296,2011-10-01,1,0.25760957908506454,0.18565091467280206
15298,2011-10-01,1,0.37825925601249144,0.27894483053635993
15301,2011-10-01,1,0.5755914075025361,0.5813510983289729
15304,2011-10-01,1,0.2248343420807064,0.25255754313676415
15306,2011-10-01,1,0.39563673947318734,0.2688404171401978
15307,2011-10-01,0,0.22581274102641813,0.21957564066994123
15311,2011-10-01,1,0.9999848277983204,0.9891048690166617
15312,2011-10-01,0,0.3425141409470963,0.39912329291432636
15313,2011-10-01,0,0.25318887675829027,0.18375456725892733
15315,2011-10-01,1,0.2552554691351163,0.172334998695949
15321,2011-10-01,0,0.22575660540965958,0.5883812439749279
15322,2011-10-01,0,0.22809624190099254,0.25266174229975497
15325,2011-10-01,0,0.2553527081613217,0.19867756981723533
15329,2011-10-01,0,0.23378136960971685,0.1454204881269413
15334,2011-10-01,0,0.23308617088187955,0.12198038987601409
15341,2011-10-01,0,0.23066348197091024,0.27354562498369617
15342,2011-10-01,0,0.25684033861213096,0.15171604164698332
15343,2011-10-01,0,0.22645642132290034,0.24585330491533236
15344,2011-10-01,0,0.22626486819689473,0.30497838953978645
15348,2011-10-01,0,0.22640793496044964,0.3163539319191031
15349,2011-10-01,0,0.232045362145182,0.12040351354137928
15351,2011-10-01,1,0.2281679723394251,0.2793707398726748
15356,2011-10-01,0,0.5983890531316476,0.4408679950687859
15358,2011-10-01,1,0.5766641487229514,0.7068057279599277
15364,2011-10-01,0,0.22763194989786906,0.21935072945714962
15365,2011-10-01,0,0.2756344132798868,0.6480595012259058
15366,2011-10-01,0,0.22743005612609712,0.2994773200982643
15370,2011-10-01,1,0.44116639368429944,0.29647903345967835
15372,2011-10-01,0,0.23756342441621192,0.14178967726256178
15373,2011-10-01,0,0.2804330773635466,0.2588902685920632
15374,2011-10-01,0,0.2536068126303912,0.1530826556040298
15376,2011-10-01,1,0.2567618591540607,0.17060489407687604
15380,2011-10-01,1,0.39155150453372434,0.2862866119896556
15382,2011-10-01,0,0.2338988178717194,0.25655204090974615
15392,2011-10-01,0,0.22710926022028777,0.2416935148500983
15394,2011-10-01,0,0.2271704751553416,0.28416859416317836
15396,2011-10-01,0,0.2552460319469114,0.17939249521517317
15398,2011-10-01,0,0.22802943273887344,0.28398185725431174
15399,2011-10-01,0,0.2267670913078741,0.2793805836373724
15400,2011-10-01,0,0.42629618388754253,0.50945112335017
15402,2011-10-01,0,0.23228003570455458,0.12954713986572128
15410,2011-10-01,0,0.44780515267549525,0.5109529513717652
15411,2011-10-01,0,0.42635952360972107,0.337249164870053
15416,2011-10-01,1,0.235638525524685,0.12314031568350566
15417,2011-10-01,0,0.22771838008327683,0.2536061809317516
15429,2011-10-01,0,0.22734079848407884,0.2991787258960568
15434,2011-10-01,0,0.2819475617581739,0.2976875415267526
15438,2011-10-01,0,0.2325485933542798,0.14923941520126213
15440,2011-10-01,1,0.23221419934558463,0.14288703901074878
15443,2011-10-01,1,0.36733487432087897,0.38010084082680873
15452,2011-10-01,0,0.22647312401035236,0.32280212550052406
15453,2011-10-01,1,0.34918862544194573,0.29975153868064636
15462,2011-10-01,0,0.37649589141262907,0.2752976374478561
15465,2011-10-01,1,0.5276733487769892,0.4280945973205753
15466,2011-10-01,0,0.22788437434654574,0.2533962826306124
15467,2011-10-01,0,0.2729548128123267,0.17478196399693788
15469,2011-10-01,1,0.2554511707469449,0.1656284754649381
15472,2011-10-01,0,0.25788990468910433,0.1778307240553728
15475,2011-10-01,0,0.22750953748123326,0.28903973088060536
15480,2011-10-01,0,0.2618556239966884,0.1722795513341336
15484,2011-10-01,1,0.23125315046958372,0.28369375754787274
15488,2011-10-01,0,0.22466459043293285,0.22843265986507427
15491,2011-10-01,0,0.2867825015079841,0.3590443713701517
15492,2011-10-01,0,0.22735682196571871,0.3047978197392955
15493,2011-10-01,0,0.23378293768017788,0.12851521956015108
15494,2011-10-01,0,0.2647647991025014,0.16391130942184468
15498,2011-10-01,1,0.4491670660128443,0.7542905124296998
15500,2011-10-01,0,0.22667350311792878,0.2698480378417082
15502,2011-10-01,1,0.4196894939529001,0.6510936160113594
15504,2011-10-01,0,0.22629336229519925,0.2698419247245128
15505,2011-10-01,1,0.6202797370955583,0.5547720129726215
15506,2011-10-01,1,0.23344117604494863,0.14036075470962953
15511,2011-10-01,1,0.22618922447082046,0.25354963503922023
15512,2011-10-01,0,0.23187831457787011,0.1228343767794001
15513,2011-10-01,1,0.44589799624948223,0.6038128436407599
15518,2011-10-01,1,0.41979935456436834,0.3995668290420142
15521,2011-10-01,1,0.3999094326782441,0.45110265707780106
15522,2011-10-01,0,0.22740247712141615,0.2456284851272608
15523,2011-10-01,0,0.22633305696387762,0.25772104768088894
15527,2011-10-01,0,0.3957417343120294,0.2778738372459411
15529,2011-10-01,1,0.3990089125284395,0.2830660773931366
15530,2011-10-01,0,0.232380766734966,0.12855349904807123
15532,2011-10-01,0,0.23402456975438712,0.14917854041205528
15533,2011-10-01,0,0.2565942780581293,0.43902409812803717
15541,2011-10-01,0,0.2541613401602181,0.1759355735192961
15544,2011-10-01,0,0.3621680672405745,0.235379898091186
15547,2011-10-01,1,0.3993690455413583,0.708021187540126
15549,2011-10-01,0,0.4801380720274262,0.2630903482002381
15550,2011-10-01,0,0.25448633807666354,0.192141546695799
15555,2011-10-01,1,0.5841624819343385,0.43225874631428074
15561,2011-10-01,0,0.23520710737998385,0.15415122950408502
15565,2011-10-01,1,0.22555862074325383,0.32835719580696965
15568,2011-10-01,1,0.2267525651086406,0.3106996277062494
15569,2011-10-01,0,0.4319687026366421,0.6047743892033995
15570,2011-10-01,0,0.23287327891640808,0.13695767304122985
15571,2011-10-01,0,0.2264713459561981,0.28363959392704124
15572,2011-10-01,0,0.2596544818161213,0.18534211071608733
15573,2011-10-01,0,0.22770964622093381,0.2530955079176085
15577,2011-10-01,0,0.23651885700105202,0.1503631603132389
15581,2011-10-01,0,0.47231012853969223,0.5160995621436121
15582,2011-10-01,0,0.25509057818304304,0.2063502546226274
15584,2011-10-01,1,0.22657497173979424,0.31555969784951554
15587,2011-10-01,1,0.38772991344751584,0.28140429563735275
15593,2011-10-01,0,0.2260339835060856,0.3286410637976849
15594,2011-10-01,0,0.2720576093093777,0.4252816440081055
15596,2011-10-01,0,0.2514891887540075,0.20593096864526966
15601,2011-10-01,1,0.36303467066896544,0.32262199880718634
15602,2011-10-01,0,0.22697329820655998,0.32805557085281156
15603,2011-10-01,0,0.22620870720972652,0.28299464679045494
15605,2011-10-01,0,0.22598726851424167,0.23831807990632428
15606,2011-10-01,1,0.2553007878232113,0.1671512720855814
15608,2011-10-01,1,0.25563018112214675,0.16515421098456415
15611,2011-10-01,1,0.43622127819991463,0.7374370881190491
15615,2011-10-01,1,0.5041416168584607,0.6886868703332237
15618,2011-10-01,0,0.369753787660538,0.4844447393941917
15622,2011-10-01,1,0.2223087236452116,0.6832658246963528
15623,2011-10-01,0,0.23280989922066497,0.13718867789363628
15624,2011-10-01,0,0.3245853158361366,0.2534827057598889
15625,2011-10-01,0,0.34915974468971456,0.28518184541202973
15626,2011-10-01,0,0.22730152971999518,0.30386317027747367
15628,2011-10-01,1,0.35315103717722174,0.29709637151402385
15632,2011-10-01,1,0.33433723012193195,0.23756447402784153
15636,2011-10-01,0,0.22707985560528876,0.23840830547854588
15639,2011-10-01,0,0.23318946205360735,0.1453670792808775
15640,2011-10-01,0,0.5874660308286757,0.6014897105001101
15641,2011-10-01,0,0.25882793056099307,0.19426151534251443
15646,2011-10-01,0,0.2313655147398781,0.12104665935440365
15652,2011-10-01,0,0.22670564025215156,0.232176764922139
15653,2011-10-01,0,0.32801274195869146,0.3337541757295356
15660,2011-10-01,0,0.3981592436400202,0.4914661300335148
15663,2011-10-01,0,0.25401544614503535,0.19219067494911793
15669,2011-10-01,1,0.253681011176781,0.19861847174232092
15671,2011-10-01,0,0.3546954113360925,0.30723098782368763
15673,2011-10-01,0,0.4388812191510063,0.25850552764836393
15674,2011-10-01,0,0.2292803989722928,0.31086295704678346
15675,2011-10-01,0,0.4523049443102911,0.2647409100287794
15679,2011-10-01,0,0.23228750488842487,0.12386078908569824
15683,2011-10-01,0,0.25459731127954344,0.17040825638644808
15689,2011-10-01,0,0.25331858269296303,0.16677774356018693
15690,2011-10-01,0,0.25392043526658636,0.20601044739160257
15696,2011-10-01,0,0.2264887252991883,0.2780028279608497
15701,2011-10-01,1,0.3781828391857919,0.37661894980021904
15704,2011-10-01,0,0.23776310209818752,0.1758411003862198
15706,2011-10-01,1,0.3839123313334929,0.3558027582917808
15707,2011-10-01,1,0.2270997975347695,0.24961245765610449
15708,2011-10-01,1,0.23463408454770396,0.14038931073168473
15712,2011-10-01,0,0.37567144156479604,0.3822297971015277
15713,2011-10-01,0,0.23203479957468454,0.1348063616501526
15714,2011-10-01,0,0.22628768986142378,0.2882154423077258
15716,2011-10-01,0,0.23296433858714038,0.13260531518985025
15719,2011-10-01,1,0.4918348538712439,0.43096751700087416
15722,2011-10-01,0,0.2583719246484869,0.18748776650196455
15727,2011-10-01,0,0.3876167363678593,0.2607699433604426
15730,2011-10-01,1,0.22669962714263114,0.2289937834369593
15734,2011-10-01,0,0.2592064368853697,0.17561747603656142
15737,2011-10-01,0,0.4369587484649917,0.27944738482067943
15738,2011-10-01,1,0.5007144548844524,0.429966816934648
15743,2011-10-01,0,0.2534850500890742,0.17762874779594573
15744,2011-10-01,0,0.2262879400277361,0.28789056347672765
15745,2011-10-01,0,0.2265488811109584,0.30967065061209326
15746,2011-10-01,0,0.23306332151724896,0.14541172987607437
15747,2011-10-01,0,0.2558861165205355,0.16543526241476206
15750,2011-10-01,0,0.2285768827630501,0.31628194332078446
15752,2011-10-01,0,0.48932373960375986,0.4486774710058309
15754,2011-10-01,1,0.22668120540532966,0.30962201969674724
15755,2011-10-01,0,0.4127113442779692,0.5981441056945452
15756,2011-10-01,1,0.23321344057021431,0.12562963474070613
15762,2011-10-01,1,0.22667668238134853,0.2890291775982826
15763,2011-10-01,0,0.22730016016266175,0.2883729116393978
15764,2011-10-01,0,0.36033928023633044,0.5893391901103674
15768,2011-10-01,0,0.25380618740245453,0.1737906084339197
15769,2011-10-01,1,0.7418802061791433,0.7167594758993923
15776,2011-10-01,0,0.23252323242729622,0.1465993102797688
15781,2011-10-01,0,0.23155091032453456,0.1415785413677065
15782,2011-10-01,1,0.22947139220238455,0.2388652448316233
15785,2011-10-01,0,0.23521273639198437,0.1377861668096793
15786,2011-10-01,1,0.28657665184508974,0.17582641749208577
15795,2011-10-01,0,0.23438786753934338,0.12849062339797904
15796,2011-10-01,0,0.3734831876368564,0.3817055670640528
15797,2011-10-01,0,0.2560563443040147,0.17797133093649634
15799,2011-10-01,0,0.22792191238554438,0.29896743436620143
15800,2011-10-01,0,0.2593955181569324,0.18987424978185244
15801,2011-10-01,1,0.25402389218315935,0.18526934978705242
15802,2011-10-01,0,0.15663187371420584,0.13580968779735256
15804,2011-10-01,1,0.6164730021820469,0.790294822356067
15805,2011-10-01,1,0.25862243672305607,0.19209858026158735
15806,2011-10-01,1,0.23220850764226642,0.12113277147245893
15807,2011-10-01,1,0.22819158303905895,0.2889096289082383
15810,2011-10-01,0,0.22536068512054797,0.2829070850199228
15811,2011-10-01,0,0.2575710645951239,0.193843439056989
15812,2011-10-01,0,0.402295196113745,0.2502240815394482
15815,2011-10-01,1,0.23358494844563737,0.13807794185938163
15819,2011-10-01,1,0.23360792304995348,0.14929756955631
15827,2011-10-01,0,0.5397548795633478,0.6002444504479806
15829,2011-10-01,0,0.35420883725489527,0.2751732049153278
15831,2011-10-01,1,0.2536616888779176,0.15913604077737747
15834,2011-10-01,0,0.22848654336386542,0.32944505162544346
15835,2011-10-01,1,0.23259969918816348,0.1415992944296301
15838,2011-10-01,1,0.5002881738134333,0.5428033901917617
15839,2011-10-01,0,0.43501526083997966,0.2772826799816056
15841,2011-10-01,0,0.27243335253516154,0.4801397689185303
15845,2011-10-01,0,0.40293596816197164,0.279972860606653
15854,2011-10-01,0,0.38784850882161936,0.28783363902711934
15855,2011-10-01,0,0.232968302650158,0.1426785104604436
15856,2011-10-01,1,0.7509061416692742,0.8152602383193779
15858,2011-10-01,1,0.2268563424749147,0.2878452100815938
15860,2011-10-01,1,0.5808150016718678,0.5901079230364974
15861,2011-10-01,1,0.23521914771930275,0.1452088356185243
15862,2011-10-01,0,0.2545010291524976,0.1798453414219939
15864,2011-10-01,1,0.22653636088420737,0.2111012533687789
15865,2011-10-01,1,0.22631559485029973,0.24163735690796315
15866,2011-10-01,0,0.2554483452510279,0.20375464466556908
15867,2011-10-01,0,0.5516398616155123,0.47373243221821987
15885,2011-10-01,0,0.2426336813881087,0.38500295435183696
15888,2011-10-01,0,0.22633740453827955,0.274080967368032
15889,2011-10-01,0,0.23266283958426626,0.12197300544550585
15895,2011-10-01,0,0.23231613469813184,0.12847969480319651
15901,2011-10-01,0,0.46843613489293323,0.2680309274696386
15903,2011-10-01,0,0.2570659019283187,0.53956626444672
15906,2011-10-01,1,0.2309464139047518,0.1336453477773925
15910,2011-10-01,1,0.2269358782807651,0.2091665321733778
15916,2011-10-01,0,0.2256423905915117,0.2890326952712968
15920,2011-10-01,0,0.24438149173234336,0.22572667385853182
15932,2011-10-01,0,0.3220883108623265,0.3626628901887658
15933,2011-10-01,0,0.2780822005055742,0.48244889026897425
15938,2011-10-01,0,0.2534736412140354,0.17955300563872303
15939,2011-10-01,0,0.510153563015153,0.7049723134388189
15942,2011-10-01,0,0.23298705771507655,0.14634604202784876
15947,2011-10-01,0,0.22958611370004478,0.26498437277331055
15949,2011-10-01,0,0.22667559761222178,0.3237144408001209
15950,2011-10-01,0,0.34779176000442036,0.3838916054586206
15952,2011-10-01,1,0.23186245775818437,0.11945597334173041
15955,2011-10-01,1,0.5878053538158791,0.8747932432112705
15958,2011-10-01,0,0.22586258179615282,0.3047154588009179
15971,2011-10-01,1,0.5731219893747168,0.5503686965397766
15974,2011-10-01,0,0.3465334484750906,0.2920717052613259
15975,2011-10-01,0,0.22721378412324345,0.25723218329955133
15978,2011-10-01,0,0.22909241796184487,0.2890432488169066
15980,2011-10-01,0,0.2247326249499344,0.4157897829461394
15981,2011-10-01,0,0.4124552314016935,0.3005431996597843
15984,2011-10-01,0,0.4543225952206311,0.5908645782282839
15985,2011-10-01,0,0.2548957332186913,0.16083069861977764
15987,2011-10-01,0,0.3544317758211337,0.235301840812681
15996,2011-10-01,0,0.3450056304359733,0.33898356427935117
15998,2011-10-01,0,0.22837439098505652,0.24611147860008795
16003,2011-10-01,0,0.2315340201953071,0.14520097618332126
16008,2011-10-01,0,0.22656069038570903,0.29939032444626795
16009,2011-10-01,1,0.23458209941185149,0.11938107532707681
16011,2011-10-01,1,0.6455467361166038,0.6830198710845015
16012,2011-10-01,0,0.3548440784474225,0.21710095399864118
16013,2011-10-01,1,0.8773194400712034,0.9204805828900674
16014,2011-10-01,0,0.2342581961292569,0.1258323643462533
16016,2011-10-01,0,0.2262170124883428,0.27875527607742595
16019,2011-10-01,1,0.2337308182725394,0.1428667502710525
16027,2011-10-01,0,0.3626956749569962,0.2889886697508294
16029,2011-10-01,1,0.982690626770587,0.9781438834463053
16031,2011-10-01,0,0.22762203612265863,0.22881662985832876
16033,2011-10-01,1,0.6708154824006413,0.6586216989278448
16036,2011-10-01,0,0.22784388920808119,0.24600004198596295
16040,2011-10-01,1,0.23349387030822766,0.12971053452227424
16041,2011-10-01,0,0.23801802257334903,0.1735577237099211
16042,2011-10-01,1,0.25719506981383977,0.1896661842578145
16045,2011-10-01,0,0.25468281153467043,0.16699032136703898
16049,2011-10-01,1,0.22924512574122657,0.29937141921820865
16053,2011-10-01,0,0.26405554426753264,0.16228746620257617
16054,2011-10-01,0,0.2358293450854232,0.1326555469758423
16057,2011-10-01,0,0.2221949003605339,0.6052841361222264
16059,2011-10-01,1,0.22746829397489665,0.32212796322849985
16062,2011-10-01,0,0.23280638088033612,0.14654947577188088
16066,2011-10-01,1,0.2550079584484959,0.15917699760389578
16076,2011-10-01,1,0.5371880817884046,0.7116234231989704
16080,2011-10-01,0,0.2262785275918323,0.2692837685272087
16081,2011-10-01,1,0.23174522966753686,0.24583307928376041
16083,2011-10-01,0,0.26176114579377985,0.20591684557945558
16085,2011-10-01,1,0.22754100024299173,0.27932153168990065
16086,2011-10-01,1,0.2266201128362143,0.21141916315843312
16091,2011-10-01,0,0.23232882410757716,0.12367956248312272
16092,2011-10-01,0,0.2550903099320784,0.17561235492769758
16093,2011-10-01,0,0.25311521139081783,0.19176013167978678
16098,2011-10-01,0,0.5336998601209876,0.4313292751193631
16099,2011-10-01,1,0.2329425485145361,0.14148149820299877
16101,2011-10-01,0,0.2303732317398829,0.32823830536337534
16102,2011-10-01,1,0.3551953320812399,0.2970885460381228
16103,2011-10-01,0,0.47070911239511726,0.2618800183556779
16107,2011-10-01,1,0.46535816433699595,0.4750269744618235
16108,2011-10-01,0,0.2287043713435727,0.2569414298503027
16112,2011-10-01,0,0.2807817463351605,0.18343686534705506
16115,2011-10-01,1,0.3993169280364266,0.3556118430588914
16119,2011-10-01,0,0.22672211616131854,0.3155849822009624
16122,2011-10-01,0,0.3781543277817606,0.36993442115268477
16126,2011-10-01,0,0.27097854665018806,0.2033373353134233
16128,2011-10-01,0,0.43266282224416164,0.2883356567693276
16131,2011-10-01,1,0.28432288186413135,0.25954394962866645
16133,2011-10-01,1,0.9785391721722458,0.959553988984819
16136,2011-10-01,1,0.22622259991465232,0.2877092377038663
16139,2011-10-01,0,0.25413966026517487,0.17970441782227958
16141,2011-10-01,0,0.2275360226726817,0.2421584446336835
16143,2011-10-01,0,0.256515765867937,0.1878844811401767
16145,2011-10-01,1,0.6155612677825388,0.5718451669924532
16146,2011-10-01,0,0.23214117690478064,0.12120867617970361
16147,2011-10-01,0,0.23311077328431162,0.14639573757333577
16149,2011-10-01,0,0.23257230938198714,0.13595949222515577
16150,2011-10-01,1,0.39448049346078107,0.3100701418402037
16153,2011-10-01,1,0.25570273906350194,0.1736978901219428
16156,2011-10-01,1,0.49804508843079465,0.4374345426062643
16157,2011-10-01,0,0.2259827698197302,0.3159774247298867
16160,2011-10-01,1,0.2272044342727193,0.2528730807822195
16161,2011-10-01,1,0.459403447246551,0.4801366406116976
16168,2011-10-01,1,0.8477553230223501,0.8711662898386758
16169,2011-10-01,0,0.22770337526810402,0.29869246059773197
16170,2011-10-01,1,0.33545054677234865,0.26285316897187927
16172,2011-10-01,0,0.33875158487184176,0.5005240576998562
16173,2011-10-01,1,0.3147234521467367,0.6421074457090163
16174,2011-10-01,0,0.3844235278577731,0.40704959466947066
16175,2011-10-01,0,0.22678297361406252,0.22286942932874973
16178,2011-10-01,0,0.23230194833447348,0.14057316420703794
16180,2011-10-01,0,0.5318617433531186,0.45451085415016856
16181,2011-10-01,0,0.22651930380048657,0.31045903936291624
16182,2011-10-01,0,0.40691764818280973,0.32067619900223465
16184,2011-10-01,1,0.42268154214849807,0.4800232755301131
16186,2011-10-01,1,0.4766243705807367,0.5767856736180103
16187,2011-10-01,1,0.5590481166753493,0.7368756664705678
16188,2011-10-01,1,0.23256431567329916,0.1371372758779097
16189,2011-10-01,0,0.22633600190120562,0.2535927152955531
16198,2011-10-01,0,0.22676350239534848,0.29946596989395124
16201,2011-10-01,1,0.2559811510214337,0.18534639256554983
16203,2011-10-01,1,0.23169028553782267,0.13057466043336882
16206,2011-10-01,1,0.25394345751926983,0.15893785765175908
16209,2011-10-01,0,0.35125068946191984,0.3314604499907964
16210,2011-10-01,1,0.393583444024429,0.5562613409309077
16211,2011-10-01,0,0.2272379363579754,0.24201142850213914
16213,2011-10-01,0,0.22593492041018948,0.28299127800415963
16215,2011-10-01,0,0.2263568627601511,0.27366510425257484
16218,2011-10-01,0,0.34255188905427647,0.25491084477985954
16224,2011-10-01,1,0.23328888465163133,0.13727521406110646
16225,2011-10-01,1,0.23425365733775871,0.128555550380836
16229,2011-10-01,0,0.2280536533701064,0.24636258664499877
16232,2011-10-01,1,0.23305637394970635,0.13478154436662737
16233,2011-10-01,0,0.2265248041992507,0.3236833523271019
16235,2011-10-01,1,0.22443165163060907,0.27008360806001536
16236,2011-10-01,0,0.22717644874174414,0.2838258701382859
16240,2011-10-01,0,0.23098532111726344,0.2887024171351736
16241,2011-10-01,1,0.5129753584170956,0.6845834850668608
16245,2011-10-01,0,0.2556299337634058,0.16351670457555612
16249,2011-10-01,1,0.3417158741958657,0.25998706816273937
16255,2011-10-01,0,0.4268082587153512,0.45786260576880394
16258,2011-10-01,1,0.3085236513768468,0.2228301181022635
16261,2011-10-01,0,0.37167788246171973,0.36558667208363355
16265,2011-10-01,1,0.41959325173812,0.23836114651381682
16266,2011-10-01,0,0.5055507132101851,0.49357215084650896
16268,2011-10-01,0,0.22454973743029938,0.5810303209746777
16271,2011-10-01,0,0.32323521592904014,0.226509667411048
16272,2011-10-01,0,0.2571077140016437,0.17201021965784155
16278,2011-10-01,0,0.25666985868294845,0.20659874597597525
16279,2011-10-01,0,0.22771053486239334,0.24623569932361172
16281,2011-10-01,0,0.23044247971692244,0.3167780795195231
16283,2011-10-01,1,0.3621729223535357,0.2321882792955474
16292,2011-10-01,0,0.2557411354750698,0.16370543143043678
16293,2011-10-01,1,0.2241516024759176,0.39351534178659225
16302,2011-10-01,0,0.25504779456508764,0.15591670901616483
16303,2011-10-01,0,0.28580408302925897,0.17381066874718265
16305,2011-10-01,0,0.23350484584953124,0.14038767864459195
16308,2011-10-01,0,0.25692936012343226,0.1895585900738204
16309,2011-10-01,0,0.2563063223156281,0.1921676429239816
16316,2011-10-01,1,0.23205396385644916,0.12122204528555416
16317,2011-10-01,0,0.25558417671451095,0.16699610555118174
16321,2011-10-01,0,0.22393629352030298,0.5677776964604389
16324,2011-10-01,0,0.28311821191025066,0.21080580071161534
16325,2011-10-01,1,0.2320849045448905,0.12296182211555576
16326,2011-10-01,1,0.6478858206273532,0.5461464058116271
16327,2011-10-01,0,0.22859431179827716,0.2742388287002685
16330,2011-10-01,0,0.2802992545852675,0.2736835046543424
16332,2011-10-01,1,0.5384189464047822,0.45103056942100295
16333,2011-10-01,1,0.34120936838697913,0.30597369873081404
16338,2011-10-01,0,0.23232391544671105,0.1211940950741807
16340,2011-10-01,0,0.2607330334910184,0.1899192164529436
16341,2011-10-01,0,0.22813694979235222,0.2530606436324114
16342,2011-10-01,0,0.5353238158676523,0.4665330278685145
16344,2011-10-01,0,0.23124447474491638,0.12039392153892736
16348,2011-10-01,0,0.4103874584075813,0.3208039036900285
16350,2011-10-01,1,0.22631161238772057,0.2541541177617097
16353,2011-10-01,1,0.5273473362384626,0.5908035839475883
16354,2011-10-01,1,0.22742197810792586,0.31115330270895436
16358,2011-10-01,1,0.22777846260876333,0.278957941451363
16359,2011-10-01,1,0.22485624293678497,0.22257769677293793
16360,2011-10-01,1,0.2601610497518685,0.4493238451019441
16361,2011-10-01,1,0.22747222177441295,0.3225594441770978
16362,2011-10-01,1,0.22236591344634637,0.6442989322586926
16364,2011-10-01,0,0.23326698277190283,0.1416865240721961
16365,2011-10-01,0,0.39261186094334444,0.5157002328837462
16369,2011-10-01,0,0.22790814236706214,0.27384767307688807
16370,2011-10-01,0,0.3702935849249731,0.3448738617776515
16379,2011-10-01,0,0.22751056898861266,0.28289025257603023
16383,2011-10-01,0,0.22746524422511671,0.30449605328635654
16384,2011-10-01,0,0.22595022866298453,0.23841305611443073
16385,2011-10-01,1,0.2323871383030468,0.12032382659026872
16389,2011-10-01,1,0.22634465594293807,0.2841787870445127
16393,2011-10-01,1,0.47302762026217693,0.4311458719319284
16394,2011-10-01,1,0.2265258897938195,0.3166252512837617
16395,2011-10-01,1,0.22751100751277775,0.2833386948041248
16398,2011-10-01,0,0.2327637803545317,0.123927457135571
16400,2011-10-01,0,0.22699404297969128,0.2226107622552589
16401,2011-10-01,1,0.36310081572710984,0.30608243165875704
16404,2011-10-01,0,0.22687705023799976,0.3295095465998766
16407,2011-10-01,0,0.5542273838543146,0.6087216674604797
16409,2011-10-01,0,0.4183428207364155,0.269190784058616
16418,2011-10-01,1,0.22687214393524058,0.22848494245954384
16419,2011-10-01,0,0.3472367703824777,0.2686987410988993
16422,2011-10-01,1,0.9457037383145596,0.9284670202051765
16426,2011-10-01,1,0.22295937589999482,0.6354475021317724
16429,2011-10-01,0,0.2500487634862666,0.19201270554306502
16434,2011-10-01,1,0.22633351503828536,0.21686793125420023
16438,2011-10-01,1,0.22710713506739955,0.265471249595037
16444,2011-10-01,1,0.227062826195484,0.21991590106281064
16447,2011-10-01,0,0.23309321043116282,0.14402736810022862
16450,2011-10-01,0,0.23303884327874325,0.12853435644359884
16451,2011-10-01,0,0.2266862201161003,0.24515244229941993
16455,2011-10-01,1,0.22667130878152308,0.22240220310733078
16456,2011-10-01,0,0.2825472726191307,0.337585273269919
16458,2011-10-01,1,0.6375422300288129,0.7018297417904353
16460,2011-10-01,0,0.265550858796335,0.5075426503419728
16462,2011-10-01,0,0.22487771393179823,0.30967065061209326
16464,2011-10-01,0,0.4189283757060357,0.2884829400117452
16466,2011-10-01,1,0.34507521492429827,0.3050089325735306
16468,2011-10-01,0,0.2248648735066332,0.3048409794626861
16469,2011-10-01,0,0.22708998281796688,0.24616216554333833
16470,2011-10-01,1,0.2553104438865945,0.17385582151163229
16474,2011-10-01,1,0.41279777811245866,0.4615220705472142
16475,2011-10-01,0,0.3894899493394207,0.2804962108219158
16477,2011-10-01,1,0.2338542522727125,0.1491545731373799
16480,2011-10-01,0,0.2283971636045139,0.2987188054226244
16485,2011-10-01,0,0.22737324741910592,0.28914530716288805
16488,2011-10-01,0,0.3669902355163921,0.24469221301080976
16493,2011-10-01,0,0.22748948770632516,0.27844206510370195
16503,2011-10-01,0,0.2555748263445107,0.19181671111554588
16511,2011-10-01,0,0.23322011836994727,0.13360987439234398
16515,2011-10-01,1,0.40543053914228755,0.26599345568315846
16523,2011-10-01,1,0.7075693052321367,0.7231906917426016
16525,2011-10-01,0,0.7090512285127459,0.7150264905739865
16527,2011-10-01,0,0.22653945052675895,0.27031959857059756
16531,2011-10-01,0,0.41803439655382346,0.32665732795971203
16532,2011-10-01,0,0.2314026930519556,0.14392091909693702
16536,2011-10-01,0,0.2586413523625464,0.18374334632373782
16549,2011-10-01,1,0.3722664824782246,0.31856606959133793
16550,2011-10-01,0,0.2584771899904369,0.18746147629011642
16551,2011-10-01,0,0.3334416749410333,0.29756520086273824
16555,2011-10-01,0,0.25422168577266113,0.18549638309036007
16556,2011-10-01,1,0.25694450791073264,0.1940639943266763
16557,2011-10-01,0,0.23062338180908248,0.14163085079172896
16558,2011-10-01,1,0.5449566421206979,0.6075112166107361
16570,2011-10-01,1,0.2555472568898679,0.1547387563156352
16572,2011-10-01,0,0.3446481021928026,0.221155542723181
16573,2011-10-01,0,0.22700947208381617,0.25651344376424734
16574,2011-10-01,0,0.2274645817625358,0.3226741192520301
16582,2011-10-01,0,0.25528426127674986,0.177968700715708
16584,2011-10-01,0,0.22665118572051812,0.27431782906436974
16589,2011-10-01,0,0.36543097185859374,0.3927392350550627
16592,2011-10-01,1,0.2376366232924899,0.18638329608765847
16594,2011-10-01,0,0.22737019363820654,0.29927692985646803
16600,2011-10-01,0,0.2263226729407286,0.30488807713869376
16603,2011-10-01,0,0.27982178888415543,0.45059081352998914
16607,2011-10-01,1,0.5950497734274836,0.5995751288487232
16609,2011-10-01,0,0.4740408864352451,0.44858704931254173
16612,2011-10-01,0,0.25414638214624763,0.1671188252432377
16613,2011-10-01,0,0.22782194468467543,0.3297724033886612
16616,2011-10-01,0,0.23191267887989098,0.12118316155446615
16621,2011-10-01,1,0.23168008601227985,0.13053234308289433
16624,2011-10-01,0,0.22713984764232864,0.27410936870218533
16626,2011-10-01,1,0.652109176812618,0.6852148613203539
16627,2011-10-01,0,0.22649299386104227,0.279121600940551
16628,2011-10-01,0,0.36140090144807335,0.2728989848986578
16629,2011-10-01,0,0.2950877359617171,0.43056136385930427
16633,2011-10-01,0,0.3716608213109196,0.3585388119006038
16637,2011-10-01,1,0.2547325348260281,0.16054057327762145
16638,2011-10-01,0,0.3544971748382658,0.5497950311423708
16641,2011-10-01,0,0.2548868080220511,0.19414389444781444
16650,2011-10-01,0,0.2273639764754991,0.3216713674516672
16652,2011-10-01,1,0.2919543334885213,0.28662020003126476
16653,2011-10-01,0,0.22956400689550793,0.32266970711438203
16654,2011-10-01,0,0.23190794805665993,0.13709291434723167
16655,2011-10-01,0,0.40102774819295894,0.31600534761118715
16656,2011-10-01,1,0.7019155796604171,0.7338331320805841
16657,2011-10-01,0,0.23362080299292654,0.12952492233784843
16668,2011-10-01,0,0.33234142197574623,0.2511752500862141
16669,2011-10-01,0,0.22559651346972742,0.5046102155440877
16670,2011-10-01,1,0.25984708014690994,0.19233206000892436
16672,2011-10-01,0,0.627487802529752,0.7139742483438418
16674,2011-10-01,1,0.22692482622461274,0.2114880781520036
16678,2011-10-01,0,0.4486989060110065,0.4559713778855634
16681,2011-10-01,0,0.49825565801052984,0.46973771764244787
16682,2011-10-01,1,0.42977982324058817,0.25292289547080854
16684,2011-10-01,1,0.28818856656987524,0.35815122997173615
16686,2011-10-01,1,0.2940719208803293,0.34244529721542516
16689,2011-10-01,0,0.2556825942941364,0.4938587434829665
16690,2011-10-01,0,0.2258440376498192,0.31679931770205794
16696,2011-10-01,0,0.23153762438437464,0.14411160914679952
16700,2011-10-01,0,0.5364893549269248,0.4513946183107045
16701,2011-10-01,1,0.3450494730422413,0.39968700627596926
16705,2011-10-01,1,0.5302474489315125,0.5897939915068604
16706,2011-10-01,0,0.3132692698118452,0.32340223778423277
16709,2011-10-01,0,0.2285148206907679,0.2567976853802772
16710,2011-10-01,0,0.4257762874446992,0.3007753899346705
16711,2011-10-01,0,0.2324614626930599,0.13817509293046515
16712,2011-10-01,0,0.4276891877321358,0.5033809611403882
16713,2011-10-01,1,0.5452829549028767,0.4724407904027365
16715,2011-10-01,0,0.22664189662798206,0.28465869845430014
16717,2011-10-01,0,0.22726116258636497,0.21943300887255054
16719,2011-10-01,0,0.45776159957362905,0.2801347238139371
16722,2011-10-01,1,0.5293887892616008,0.5448267943677291
16723,2011-10-01,0,0.31421687819445365,0.35558196732059877
16729,2011-10-01,1,0.7922151342566868,0.775058225812213
16734,2011-10-01,1,0.2822333628664436,0.2643255589930534
16735,2011-10-01,0,0.2916766057542146,0.6408069797399388
16743,2011-10-01,0,0.4157109411494798,0.42056811247048326
16744,2011-10-01,1,0.48944860530884693,0.4666134686567579
16745,2011-10-01,0,0.5757228615613654,0.6796980879295236
16746,2011-10-01,0,0.6531624665792841,0.6819869751964298
16750,2011-10-01,1,0.5064099634248229,0.49423443054525973
16755,2011-10-01,0,0.2598852851176717,0.17581101822055276
16761,2011-10-01,0,0.22680688710495245,0.21667403271231758
16762,2011-10-01,1,0.2328865270530438,0.1337008128177613
16764,2011-10-01,1,0.6837739740998663,0.757090603609229
16767,2011-10-01,0,0.43464272416923544,0.48661894532662164
16768,2011-10-01,1,0.2539466940359406,0.198559409163132
16771,2011-10-01,0,0.22806419646746956,0.29944327213664307
16774,2011-10-01,1,0.3452936777034751,0.2477168425831723
16775,2011-10-01,1,0.5025032339107705,0.5039248911681711
16777,2011-10-01,0,0.22602514487895697,0.2743051858809691
16778,2011-10-01,0,0.22631969488072268,0.3047429073596101
16779,2011-10-01,0,0.577761207369253,0.45643779760942416
16780,2011-10-01,0,0.25598923229380366,0.2064868500418149
16782,2011-10-01,0,0.5355331878334766,0.4341991697239831
16788,2011-10-01,0,0.2575606370298861,0.1607256607525024
16791,2011-10-01,1,0.25542868571322985,0.1621837779147836
16794,2011-10-01,1,0.49366907379008373,0.45404647454879554
16796,2011-10-01,0,0.2269989386521838,0.23879849709904294
16806,2011-10-01,0,0.2559537597246525,0.19902631353603642
16807,2011-10-01,0,0.23395781195725207,0.13582648606229408
16808,2011-10-01,0,0.22620490209966004,0.209449335209835
16809,2011-10-01,1,0.23280299147530892,0.14288450260169278
16813,2011-10-01,1,0.6241001808370226,0.6773949564910556
16814,2011-10-01,1,0.5738717828011413,0.5534027475775094
16816,2011-10-01,0,0.4063650733187594,0.25708149703534816
16818,2011-10-01,0,0.7277702398022332,0.7449277112738704
16820,2011-10-01,0,0.22720948799538088,0.2196319414650925
16828,2011-10-01,0,0.31965229723896993,0.33932851707662703
16829,2011-10-01,0,0.2324313848602152,0.12195946965234843
16835,2011-10-01,0,0.2534662277518208,0.15330731539533982
16836,2011-10-01,0,0.2533686539429284,0.17213924537189826
16837,2011-10-01,1,0.23137658019069096,0.12105453775023468
16839,2011-10-01,1,0.8124455491361707,0.8363399511769748
16841,2011-10-01,0,0.23311065883858328,0.1416125795970437
16842,2011-10-01,0,0.4368321241709697,0.25163615625709196
16843,2011-10-01,1,0.4846475670248339,0.6573399349251704
16859,2011-10-01,0,0.23370859491692664,0.13367640250646926
16861,2011-10-01,1,0.23184608772729287,0.12038672854316179
16866,2011-10-01,0,0.28069071135701396,0.18979630235099565
16871,2011-10-01,0,0.22692724294169075,0.23908004797905402
16872,2011-10-01,0,0.3399544493434524,0.38935617317494564
16873,2011-10-01,1,0.2589967716448759,0.15482514037035217
16875,2011-10-01,1,0.2327745687864372,0.1336483047464865
16877,2011-10-01,1,0.23253010406384667,0.1258251594800295
16878,2011-10-01,0,0.2260936689168983,0.2579160088946025
16880,2011-10-01,0,0.4701247019869603,0.43798996509879917
16891,2011-10-01,0,0.3656325275886225,0.2777038992766038
16899,2011-10-01,0,0.40787745782582807,0.2691267094189594
16902,2011-10-01,0,0.2694613970647951,0.1722610768644612
16904,2011-10-01,0,0.5866397985136333,0.6624808850566053
16906,2011-10-01,0,0.2272160846407597,0.2694878470691999
16907,2011-10-01,0,0.23240949759351515,0.1297746145343916
16909,2011-10-01,0,0.22657117085236456,0.3172374788730626
16910,2011-10-01,1,0.32175815437970634,0.7968339270269378
16912,2011-10-01,1,0.23591411171448118,0.19244616104151502
16915,2011-10-01,1,0.2479282983540798,0.15467626283036737
16918,2011-10-01,1,0.4255699619786829,0.2495426932515268
16919,2011-10-01,0,0.23292863838177114,0.1220622940896358
16923,2011-10-01,1,0.3917485534892583,0.2565082990980086
16924,2011-10-01,1,0.2268806935197467,0.25712411095700477
16927,2011-10-01,0,0.25446106019168924,0.173818192567313
16928,2011-10-01,0,0.8172645186986678,0.8385244591166059
16929,2011-10-01,0,0.590148937712051,0.4407931926427611
16931,2011-10-01,1,0.6941727944123615,0.6379322580534823
16942,2011-10-01,0,0.30221832876370935,0.20105711718717334
16945,2011-10-01,1,0.5019670109304493,0.6205137815612747
16948,2011-10-01,0,0.23133439156699565,0.14041053133310383
16950,2011-10-01,1,0.25853594351362486,0.1591108471128381
16951,2011-10-01,0,0.2606126665656806,0.19559400638237565
16952,2011-10-01,0,0.28043427470230564,0.2870366947440699
16954,2011-10-01,1,0.2549845643923544,0.15894833108962905
16959,2011-10-01,0,0.22612109299985472,0.24602535947989074
16961,2011-10-01,0,0.25503012386650414,0.17222290893608
16968,2011-10-01,0,0.25484514695165084,0.18955709657727451
16969,2011-10-01,0,0.23201055823633654,0.14533557779938966
16978,2011-10-01,0,0.2274038219072042,0.2885130324852172
16979,2011-10-01,1,0.23181400914870864,0.1304154084128177
16983,2011-10-01,0,0.2275213739683314,0.21664468475641085
16984,2011-10-01,0,0.37319509229153625,0.3067024850667078
16985,2011-10-01,0,0.4411815530493717,0.2568386356876517
16989,2011-10-01,1,0.49427823090878875,0.4513121410511928
16992,2011-10-01,0,0.22679104372657832,0.21091393593688795
16996,2011-10-01,0,0.25574759761412735,0.16385004803878608
16998,2011-10-01,0,0.23137426357389146,0.1284503334480181
16999,2011-10-01,0,0.22668469057936824,0.30519457730765254
17001,2011-10-01,1,0.3269342920906483,0.3410868264398108
17002,2011-10-01,0,0.2271783452206464,0.25315989844634984
17004,2011-10-01,1,0.22831041165596377,0.2287052312199403
17006,2011-10-01,0,0.22645222094858986,0.29885060118078044
17007,2011-10-01,1,0.23154583830102182,0.12313090832373748
17015,2011-10-01,0,0.2294070147559566,0.3237233243546822
17017,2011-10-01,1,0.2277261706986653,0.3154375490317149
17024,2011-10-01,1,0.4039250191574708,0.24932125868336313
17027,2011-10-01,0,0.2243630589900315,0.5038506886643702
17029,2011-10-01,0,0.2560596661892305,0.1833403108272412
17031,2011-10-01,0,0.23285115251002964,0.12371310625582475
17033,2011-10-01,0,0.22654234007987095,0.24965157882466135
17034,2011-10-01,0,0.22639553314316574,0.27791190429282403
17037,2011-10-01,0,0.23034161282783605,0.24568654456300007
17040,2011-10-01,0,0.2331577250510104,0.14147403887920765
17041,2011-10-01,0,0.2573227843046345,0.1873461793607905
17042,2011-10-01,0,0.36957304521662115,0.22902934303182695
17045,2011-10-01,0,0.39878402568445404,0.23783899729216687
17046,2011-10-01,0,0.23415494213623145,0.12121110670617431
17047,2011-10-01,0,0.22694176184296366,0.25328609321148743
17048,2011-10-01,0,0.2525653880130989,0.1703275621515965
17049,2011-10-01,1,0.5552109222072589,0.4325718560644033
17050,2011-10-01,0,0.2277638309335408,0.21697384222544483
17053,2011-10-01,0,0.2333766527957708,0.150358749949583
17054,2011-10-01,0,0.23273763658732272,0.1414566368627071
17058,2011-10-01,0,0.22659154477070065,0.2691955338299861
17059,2011-10-01,0,0.26246431107800194,0.18369146746644388
17061,2011-10-01,0,0.5520395093302941,0.4614283398653535
17068,2011-10-01,1,0.6478659690814197,0.737528484432384
17069,2011-10-01,0,0.5188731876106893,0.4395734507258756
17070,2011-10-01,0,0.25701203608441914,0.17609377068450474
17071,2011-10-01,1,0.38175329677533154,0.49376430451179426
17073,2011-10-01,1,0.3479449192140598,0.36833469836026667
17079,2011-10-01,0,0.2257243911312823,0.28411084864005914
17083,2011-10-01,0,0.2567407302306729,0.18576985161935855
17085,2011-10-01,0,0.2568935834166285,0.16068496891205203
17088,2011-10-01,0,0.22703259926314545,0.31568616140963346
17090,2011-10-01,1,0.263651473473241,0.388895830897346
17091,2011-10-01,0,0.2249215791214435,0.347975573835706
17092,2011-10-01,1,0.37892849197749456,0.31645512630369
17096,2011-10-01,1,0.23247184761412243,0.13496299719004967
17097,2011-10-01,0,0.4485447142954134,0.6542585455563665
17105,2011-10-01,0,0.23404914544401612,0.11953864740061244
17107,2011-10-01,0,0.4878688009121289,0.2678240557576596
17114,2011-10-01,0,0.23158569690403585,0.1403713598698499
17122,2011-10-01,0,0.254106756355285,0.16711998384068455
17126,2011-10-01,0,0.24222729943326038,0.2734999856541004
17131,2011-10-01,1,0.22819205878322135,0.2989523538440916
17133,2011-10-01,0,0.22878283820663636,0.2457522105751924
17134,2011-10-01,0,0.25295435194988036,0.19164402004323483
17139,2011-10-01,1,0.3779538467725464,0.3241068594908534
17144,2011-10-01,0,0.22685285458045668,0.2571130318435784
17146,2011-10-01,0,0.24417253470955103,0.19413605816646493
17147,2011-10-01,0,0.22670479463744175,0.2733038487542494
17154,2011-10-01,0,0.22697936924908801,0.2991787258960568
17159,2011-10-01,0,0.22717430425528784,0.2996855639357765
17160,2011-10-01,0,0.4765034822244212,0.4175795042043218
17162,2011-10-01,0,0.23290731789463281,0.14933636444113252
17163,2011-10-01,0,0.2256811759145102,0.2841787870445127
17164,2011-10-01,0,0.4487926102346391,0.2721932139965876
17172,2011-10-01,0,0.22678029784043108,0.28290035179633066
17173,2011-10-01,1,0.3183107931002218,0.2559705598767504
17175,2011-10-01,1,0.2317125759482167,0.13722140841996436
17183,2011-10-01,1,0.2556266160104592,0.19438870759951193
17189,2011-10-01,0,0.2545917101773387,0.19254299030635055
17191,2011-10-01,0,0.2274361171615732,0.22258596221063098
17193,2011-10-01,1,0.2263445890570025,0.24904270551091068
17213,2011-10-01,1,0.2642810510473864,0.17896045149281492
17214,2011-10-01,1,0.22540346386418975,0.2529587886752409
17218,2011-10-01,0,0.28527258924420795,0.4673405817100039
17220,2011-10-01,1,0.6812180470609819,0.7196748778876086
17227,2011-10-01,1,0.22646473337188078,0.32959711731737235
17228,2011-10-01,1,0.2277870342581345,0.2454973230828132
17229,2011-10-01,0,0.3689231725277675,0.2751234256338322
17231,2011-10-01,1,0.2554494190260551,0.1563157413740477
17238,2011-10-01,1,0.5122367841916072,0.43498429028540986
17242,2011-10-01,0,0.25667145456339324,0.18778770838141562
17243,2011-10-01,1,0.677793614256353,0.6399677110191279
17248,2011-10-01,0,0.2572603063462221,0.16540121308155598
17252,2011-10-01,0,0.2519898317298873,0.17192676402033014
17256,2011-10-01,0,0.25312903189473235,0.18979486114261096
17259,2011-10-01,0,0.23312679775166567,0.12966112487869116
17265,2011-10-01,0,0.23341000123361622,0.14031508933746936
17266,2011-10-01,0,0.2320027867997999,0.13054080435020218
17267,2011-10-01,0,0.28264041708547716,0.21473250565362015
17268,2011-10-01,0,0.3959401566323716,0.25137494722222475
17282,2011-10-01,0,0.23284882612447577,0.1505895310092506
17284,2011-10-01,1,0.2564495050449168,0.16529461645910898
17287,2011-10-01,0,0.43771467882695914,0.29031892076000754
17293,2011-10-01,1,0.5775555908267103,0.5520560280601567
17298,2011-10-01,0,0.3708961423983582,0.2991348080727073
17299,2011-10-01,0,0.29704140120998845,0.37984934237079176
17302,2011-10-01,0,0.25603963959366594,0.1619028538433377
17306,2011-10-01,0,0.6953477789856652,0.644871267183681
17309,2011-10-01,0,0.22618052419386858,0.22002283001204678
17311,2011-10-01,0,0.22800342005691687,0.28382925929705277
17312,2011-10-01,0,0.3372064292132687,0.3690387978222019
17314,2011-10-01,1,0.2322300470358898,0.12951312238707205
17315,2011-10-01,1,0.9472188919939212,0.9274902527376907
17317,2011-10-01,1,0.22939337215994915,0.23861751547270835
17320,2011-10-01,0,0.25576989498782476,0.20620676035950855
17323,2011-10-01,1,0.2542365893388704,0.15902168405044537
17331,2011-10-01,0,0.2524987331851053,0.1605352303049658
17333,2011-10-01,0,0.22753664443553256,0.252760678836862
17337,2011-10-01,0,0.23170263628490173,0.12672027184532297
17338,2011-10-01,0,0.264456335053628,0.17588932606710211
17339,2011-10-01,0,0.22615946899114137,0.22273898505404716
17340,2011-10-01,0,0.5835438543084186,0.731216591064662
17341,2011-10-01,0,0.23626279449736642,0.13989388756466517
17345,2011-10-01,0,0.22593136496376653,0.2258448426567017
17346,2011-10-01,1,0.2548670227916249,0.1989834765705854
17347,2011-10-01,0,0.22656569638978452,0.24943786859168993
17348,2011-10-01,0,0.22777883319344794,0.32214555134913525
17353,2011-10-01,0,0.35344654250516305,0.21612152320881925
17364,2011-10-01,0,0.234066743823092,0.14160593670032137
17365,2011-10-01,1,0.2299775869675007,0.24560829707888915
17368,2011-10-01,0,0.2254398311018425,0.2259257439097198
17370,2011-10-01,0,0.3114382664894295,0.6785384673386907
17373,2011-10-01,1,0.41716238177477016,0.31187746994608856
17376,2011-10-01,0,0.22621285746901865,0.3288703598744352
17377,2011-10-01,1,0.47090289064793844,0.5267935602561908
17381,2011-10-01,1,0.5739734186581604,0.7147517860637401
17386,2011-10-01,0,0.31978340977349007,0.546471278425852
17388,2011-10-01,0,0.38697248038433296,0.3140545612382371
17389,2011-10-01,0,0.8593022060085336,0.8586489502237226
17396,2011-10-01,1,0.24981991408617998,0.1593541707596919
17398,2011-10-01,0,0.2531948822720851,0.17553813264697427
17400,2011-10-01,0,0.2623252322537455,0.15627422731217835
17402,2011-10-01,1,0.4019260887169832,0.5724626564752548
17404,2011-10-01,1,0.6457527054059701,0.642237377931702
17405,2011-10-01,0,0.4690541916908202,0.2777681715333183
17410,2011-10-01,1,0.22600483173138908,0.21724891450486586
17411,2011-10-01,0,0.2265231630906589,0.2985232149059872
17415,2011-10-01,0,0.22489960549805244,0.27876834217424934
17416,2011-10-01,0,0.365784347604002,0.37458443155539073
17419,2011-10-01,1,0.23372471195232825,0.1347650046074118
17422,2011-10-01,0,0.3777056925398552,0.27790041429870244
17426,2011-10-01,0,0.22923088358574517,0.23237727484884677
17427,2011-10-01,0,0.2255954518126213,0.3221015847674039
17428,2011-10-01,1,0.6242465072889661,0.552014420074811
17429,2011-10-01,0,0.25424262175847057,0.15328004860056846
17433,2011-10-01,0,0.22770818197175768,0.242337559151953
17434,2011-10-01,1,0.22712387296576586,0.253358646005204
17440,2011-10-01,0,0.23217702491247416,0.12200008607700272
17442,2011-10-01,0,0.3464347740227455,0.31893956818449487
17444,2011-10-01,0,0.26794722048994946,0.1660784987585156
17447,2011-10-01,1,0.22728945078522111,0.3217546841352093
17449,2011-10-01,1,0.22615518323742456,0.22213022676218508
17450,2011-10-01,1,0.949959560331659,0.984298083318292
17451,2011-10-01,1,0.33337466140877825,0.38193193662004
17457,2011-10-01,0,0.25507939980795347,0.15610233217279526
17460,2011-10-01,0,0.22598398087337845,0.22293574603119423
17464,2011-10-01,0,0.23257350252936682,0.12030347246963702
17466,2011-10-01,0,0.22677235770027548,0.2828330375991464
17469,2011-10-01,0,0.600995291866026,0.43538390938044297
17470,2011-10-01,1,0.2547544003204626,0.1546881624377275
17475,2011-10-01,0,0.22661855546769438,0.2791772899174649
17480,2011-10-01,0,0.22765729637791676,0.28826441387826884
17481,2011-10-01,0,0.2266544835796349,0.2253098218697181
17483,2011-10-01,1,0.23202804866795268,0.14552742421269252
17490,2011-10-01,1,0.2586779899605952,0.5051948987812331
17491,2011-10-01,0,0.4466847184842905,0.5031176537923003
17498,2011-10-01,0,0.22660638416426826,0.2988882790555908
17506,2011-10-01,0,0.22658424472002192,0.2987150415839693
17511,2011-10-01,1,0.8618187833247647,0.7746651204172598
17512,2011-10-01,1,0.3704385596926747,0.2292523720313809
17513,2011-10-01,0,0.2266310617788755,0.3172246992165732
17514,2011-10-01,0,0.25552400179504964,0.15341940638847093
17516,2011-10-01,0,0.25457163528384963,0.16713968247175343
17519,2011-10-01,0,0.2328708937832582,0.14651301137678846
17522,2011-10-01,0,0.23227823349890864,0.14039665559533018
17527,2011-10-01,1,0.34681815694353435,0.37039411737437733
17528,2011-10-01,1,0.2267312528524863,0.5785338531500763
17530,2011-10-01,1,0.22767088731736096,0.253859606093448
17552,2011-10-01,1,0.22784399253227006,0.32405682182973067
17553,2011-10-01,0,0.25996276643810423,0.1516979222536158
17554,2011-10-01,1,0.34928123864883664,0.23197595183022623
17557,2011-10-01,1,0.2268327935847998,0.2699581223252576
17560,2011-10-01,0,0.41018587222281877,0.25613258130804467
17562,2011-10-01,1,0.6043394849480754,0.5506702021397097
17564,2011-10-01,1,0.22612169826919937,0.27436525161040853
17567,2011-10-01,1,0.3987182888488352,0.2672160356938549
17571,2011-10-01,1,0.2330401634600444,0.13262496655710462
17572,2011-10-01,0,0.3092769799279176,0.42031908488467723
17573,2011-10-01,0,0.2608153045334036,0.4139818734957302
17576,2011-10-01,1,0.7293803633457369,0.7367358420867302
17579,2011-10-01,0,0.23200234528832364,0.141450008654237
17581,2011-10-01,0,0.6484231439881196,0.7129764606614254
17584,2011-10-01,0,0.25957422697161003,0.15474471072458051
17585,2011-10-01,0,0.25711208998180535,0.18557934000830856
17588,2011-10-01,0,0.25692474499650775,0.20621738264579478
17589,2011-10-01,1,0.23494266508769046,0.12680802502505345
17591,2011-10-01,0,0.40841716076572365,0.3403085102350272
17593,2011-10-01,0,0.3886153958556541,0.27602037338449414
17594,2011-10-01,0,0.22824024857408332,0.2537894582064745
17596,2011-10-01,1,0.2337113803802785,0.14285238258227453
17602,2011-10-01,1,0.37778416796340264,0.3235261865151647
17603,2011-10-01,0,0.22445482778518744,0.28385298572881695
17609,2011-10-01,1,0.2267989695738477,0.3114770208254391
17611,2011-10-01,1,0.5895191882972265,0.44075190052229835
17612,2011-10-01,1,0.471274013965136,0.45058859858849093
17613,2011-10-01,1,0.37016595876144,0.3458900631706593
17615,2011-10-01,0,0.23191188190537715,0.15056792374406916
17625,2011-10-01,1,0.23624648189119857,0.13815138488949094
17628,2011-10-01,0,0.22608749791022942,0.27013567366812313
17629,2011-10-01,1,0.25316581909326574,0.16544888609904027
17631,2011-10-01,0,0.2322249423723548,0.14163832673654705
17633,2011-10-01,0,0.48019641806397473,0.5500384991139368
17634,2011-10-01,1,0.34893012191932793,0.3185657270047118
17637,2011-10-01,0,0.25616350954371636,0.17398765214844486
17640,2011-10-01,0,0.22685025802345404,0.24881709914640743
17642,2011-10-01,0,0.2557519999812409,0.16674774931348582
17644,2011-10-01,0,0.5532658216473473,0.5741508688066538
17649,2011-10-01,0,0.2358624985198281,0.14056334647834623
17651,2011-10-01,1,0.49322268220235643,0.4384203026376125
17652,2011-10-01,1,0.412698143410272,0.2819067849695537
17653,2011-10-01,0,0.32143444913066765,0.309985287085883
17655,2011-10-01,1,0.2553318262558777,0.17209129878553736
17656,2011-10-01,0,0.6230298458522872,0.7340240395166845
17659,2011-10-01,1,0.45993328288374535,0.5006732297613694
17660,2011-10-01,0,0.23320163979567787,0.1370104940558678
17663,2011-10-01,0,0.4433281187866064,0.2641793033202946
17669,2011-10-01,1,0.37057617754294847,0.32815396253241186
17671,2011-10-01,0,0.23303166101918826,0.12112548963768946
17674,2011-10-01,0,0.22677437005016587,0.3046919355125833
17675,2011-10-01,0,0.9027543217307694,0.8993472204392391
17676,2011-10-01,1,0.40124482895051927,0.4799710057464535
17677,2011-10-01,1,0.6808552512108791,0.8509509569615976
17679,2011-10-01,1,0.22986712500694473,0.25282489606378944
17682,2011-10-01,0,0.3568175170036545,0.24865724095786584
17685,2011-10-01,0,0.22969336903228177,0.24205061506853037
17686,2011-10-01,0,0.3943172283957297,0.33875741135801585
17690,2011-10-01,1,0.25698334373225173,0.20328400310025
17692,2011-10-01,0,0.25400253079941226,0.15473379466015955
17693,2011-10-01,0,0.2326189797631023,0.14174723309222065
17694,2011-10-01,0,0.23286251760722598,0.1369351588706362
17695,2011-10-01,0,0.23332340551818165,0.14903761337972787
17696,2011-10-01,0,0.459260566378643,0.4252200248315943
17700,2011-10-01,0,0.22765813992596873,0.2222537687962414
17702,2011-10-01,0,0.25776503610476864,0.1873243036961414
17703,2011-10-01,0,0.35847425958899803,0.26439086467886985
17705,2011-10-01,0,0.632682321532788,0.5548110632442759
17706,2011-10-01,1,0.5960542916144413,0.5644170402653033
17716,2011-10-01,0,0.5328637414618744,0.8162579952151786
17719,2011-10-01,0,0.8650677880481388,0.8221028492771139
17720,2011-10-01,0,0.25540711743479927,0.17792925680247845
17722,2011-10-01,0,0.2264652495621492,0.2171584557697486
17723,2011-10-01,0,0.3581427521861128,0.21918091065145895
17724,2011-10-01,0,0.4804368142387143,0.48812488257066566
17725,2011-10-01,1,0.630273612133853,0.5876200472249291
17728,2011-10-01,1,0.226841323806088,0.2491959398656247
17730,2011-10-01,1,0.4615420453938499,0.5391576118898698
17731,2011-10-01,0,0.4104802742576986,0.31977058223007393
17734,2011-10-01,1,0.2336114391022891,0.14262794802719886
17735,2011-10-01,1,0.6373987748996051,0.6434473990883524
17736,2011-10-01,1,0.2555836665992546,0.17777296934019304
17738,2011-10-01,0,0.23740437799691816,0.15617395324740602
17739,2011-10-01,1,0.22659341226417984,0.3214610815966938
17742,2011-10-01,0,0.25210927498364055,0.17784516864303435
17747,2011-10-01,0,0.2525597155714666,0.17917493122158837
17750,2011-10-01,1,0.6072792299965519,0.6706153430003715
17754,2011-10-01,1,0.23269720833925034,0.13600694845510414
17757,2011-10-01,1,0.6825400586254047,0.6593799242143022
17758,2011-10-01,1,0.45890978815365535,0.2706953734351253
17765,2011-10-01,0,0.23169032251526123,0.120280731919992
17769,2011-10-01,1,0.23316319253727869,0.14032894888441957
17774,2011-10-01,0,0.37967237958283495,0.2701066986877756
17777,2011-10-01,0,0.2560700005403661,0.20632012180706114
17779,2011-10-01,0,0.39673643354554067,0.28127432533160235
17781,2011-10-01,0,0.23177210383983315,0.11954278411698369
17783,2011-10-01,0,0.22702986245049084,0.3170756816814848
17786,2011-10-01,0,0.2271743371411058,0.25318942191799265
17787,2011-10-01,0,0.23236523174910095,0.1256328993717475
17788,2011-10-01,0,0.421665977546431,0.32169809428045404
17790,2011-10-01,1,0.4014983507501514,0.42051469096726585
17799,2011-10-01,0,0.2281002558062385,0.20891721292803578
17800,2011-10-01,1,0.5298457965171903,0.42521110110678456
17802,2011-10-01,0,0.22869329839443986,0.26572277788066856
17805,2011-10-01,0,0.22660356066532372,0.3100155705129005
17809,2011-10-01,1,0.25394695178715876,0.1520228231660518
17811,2011-10-01,1,0.7835496527625169,0.8344086914994255
17813,2011-10-01,1,0.2274016418001159,0.3232841924314578
17819,2011-10-01,0,0.22507161236559148,0.3219390161610275
17828,2011-10-01,0,0.2538073166037722,0.18519807144676437
17837,2011-10-01,1,0.536276093877646,0.44047235346698504
17838,2011-10-01,0,0.2269235252956543,0.23887716805691264
17841,2011-10-01,1,1.0,0.997711962544528
17844,2011-10-01,0,0.2534518029913234,0.19178765260285813
17846,2011-10-01,0,0.034493719347001184,0.2535900223429762
17848,2011-10-01,0,0.5655952023061654,0.576204185018665
17857,2011-10-01,1,0.5499540656234515,0.6732035709875155
17858,2011-10-01,1,0.4345033379826819,0.5483453074614468
17861,2011-10-01,0,0.3156158538658126,0.37682823671334686
17863,2011-10-01,1,0.42490738103271486,0.28260010774165856
17864,2011-10-01,0,0.22723546218274493,0.23874607901913833
17865,2011-10-01,1,0.582008697425928,0.9153332544343719
17866,2011-10-01,0,0.23269457711547248,0.13578602459533579
17867,2011-10-01,0,0.23489376588347566,0.16817087600239378
17869,2011-10-01,0,0.27972907351406395,0.2976620137343321
17870,2011-10-01,1,0.5875812178383364,0.8336406443109854
17873,2011-10-01,0,0.22657679730097813,0.274875310624538
17883,2011-10-01,0,0.22637873060774427,0.24950298470340285
17887,2011-10-01,0,0.25321975412580544,0.15212727895890252
17888,2011-10-01,1,0.22532799237052203,0.2795316102631031
17892,2011-10-01,1,0.23254713222710266,0.12293181111221234
17894,2011-10-01,0,0.29995281683712793,0.4334216004020894
17898,2011-10-01,0,0.22620196733602993,0.2535254089416413
17899,2011-10-01,0,0.2327451609846357,0.11950615461953336
17905,2011-10-01,0,0.49372512500992105,0.2674180596102537
17919,2011-10-01,0,0.2289238447240659,0.24223202077128694
17920,2011-10-01,1,0.5562163632806127,0.6008540829239112
17921,2011-10-01,1,0.233006079123959,0.12982480845614794
17926,2011-10-01,0,0.2323764210006516,0.14664650646355862
17929,2011-10-01,0,0.25395763191553977,0.17923360773123803
17930,2011-10-01,1,0.2262332498873212,0.3222863277794212
17931,2011-10-01,0,0.23221632128080294,0.14558007372417275
17935,2011-10-01,0,0.2630190631618431,0.18639591221542479
17937,2011-10-01,0,0.25515118261861425,0.17571996143968968
17939,2011-10-01,0,0.23222426439559685,0.11941703820199967
17940,2011-10-01,1,0.35816901744011187,0.27842393977213276
17941,2011-10-01,0,0.23277461840223845,0.15025297891728442
17948,2011-10-01,0,0.23300987014490682,0.13058383282308864
17949,2011-10-01,1,0.9584763650631102,0.969061020048559
17950,2011-10-01,0,0.2269154166083206,0.3168672996339888
17954,2011-10-01,1,0.2567621066224369,0.16065392855633065
17958,2011-10-01,0,0.2562421237665773,0.1721158834179059
17961,2011-10-01,0,0.903389615373953,0.912927237462056
17962,2011-10-01,0,0.2328162726133466,0.13593042258238272
17965,2011-10-01,1,0.5171026343904142,0.645331919728083
17966,2011-10-01,0,0.23676886071031955,0.15022060947885113
17975,2011-10-01,1,0.49405200680818906,0.5237911544522638
17984,2011-10-01,0,0.23332840602316107,0.13278019927034126
17988,2011-10-01,0,0.30793213113826257,0.45735821228664475
17994,2011-10-01,0,0.25378352538436866,0.1636576532293462
17997,2011-10-01,0,0.6936731395775769,0.777208289707834
18001,2011-10-01,0,0.2271926215237433,0.2491491700740957
18008,2011-10-01,0,0.2495083811251415,0.5663366435062721
18013,2011-10-01,0,0.2364278951083174,0.14196426701314535
18016,2011-10-01,0,0.22809677067545575,0.30481351272961826
18017,2011-10-01,0,0.22640947759709873,0.27030119457409085
18018,2011-10-01,0,0.2539336134345599,0.1880254212494986
18024,2011-10-01,0,0.23629617623507915,0.14789952483936158
18027,2011-10-01,0,0.2264839317317887,0.21111424823599242
18036,2011-10-01,0,0.2544099986476891,0.1941532988283737
18037,2011-10-01,0,0.23123771012964012,0.12386586602316621
18041,2011-10-01,0,0.6010164555853479,0.5939677670341783
18044,2011-10-01,0,0.22698835876884005,0.24554270921226265
18053,2011-10-01,0,0.2269375532321577,0.3279049732974672
18055,2011-10-01,0,0.39770943575957796,0.3149309611126668
18061,2011-10-01,1,0.39868178792750975,0.25002000331683466
18064,2011-10-01,0,0.23258819587200263,0.1467534786781802
18065,2011-10-01,0,0.22225470889429122,0.68361960296261
18066,2011-10-01,0,0.2265456089164255,0.29958708432653436
18069,2011-10-01,0,0.23068260602570478,0.2426079667775245
18073,2011-10-01,0,0.5346595186728331,0.6103779555712266
18075,2011-10-01,1,0.25669234432698895,0.19212926859262686
18077,2011-10-01,1,0.35107014125114444,0.30072001219688693
18079,2011-10-01,1,0.2582285194603865,0.15599332560816576
18081,2011-10-01,0,0.33264225739081255,0.2641300182601761
18087,2011-10-01,0,0.10543399896489958,0.2116241789377252
18092,2011-10-01,0,0.3664826496201661,0.3339510156447094
18093,2011-10-01,0,0.34886505672807844,0.3215371692527041
18094,2011-10-01,0,0.41349083779871354,0.6129908495198341
18097,2011-10-01,0,0.2842719394668035,0.2171502199622596
18099,2011-10-01,0,0.25456040369127864,0.15484401875845794
18101,2011-10-01,0,0.23203293267223735,0.13478455203354778
18102,2011-10-01,1,0.8990949899298969,0.9864775114908816
18109,2011-10-01,1,0.7228172038187368,0.7426141674864979
18118,2011-10-01,1,0.49464606941829725,0.46006588290038036
18121,2011-10-01,0,0.2686551663500145,0.16324748490216062
18122,2011-10-01,1,0.43179369598395445,0.2708868106246795
18127,2011-10-01,0,0.23143542884885715,0.14640372752104702
18135,2011-10-01,0,0.22599549869205293,0.27439055048605326
18142,2011-10-01,0,0.23355269883677443,0.12117162276385214
18143,2011-10-01,0,0.35076294185211965,0.24846194175103442
18144,2011-10-01,0,0.5696759873661714,0.4367811646168175
18145,2011-10-01,0,0.22961892173813014,0.24559568126158204
18146,2011-10-01,0,0.23225815111101755,0.1380684710513352
18147,2011-10-01,1,0.25369754687919843,0.18756375780052473
18150,2011-10-01,0,0.2325804522102045,0.13823835434405035
18151,2011-10-01,0,0.23335442626253788,0.14521407571697148
18155,2011-10-01,0,0.22602540030206608,0.2991409727681555
18158,2011-10-01,0,0.22726700491092777,0.24155195001857716
18161,2011-10-01,1,0.23201458658213814,0.1381340041850475
18167,2011-10-01,0,0.25712359657223416,0.1940358101307278
18170,2011-10-01,0,0.2559991116360688,0.179805054811047
18171,2011-10-01,1,0.22577993942714147,0.20911370637399757
18172,2011-10-01,0,0.6991850660223631,0.7964418826223196
18173,2011-10-01,0,0.22665806734512617,0.2491621598916116
18177,2011-10-01,0,0.23327012484298504,0.12106484182037992
18178,2011-10-01,0,0.25781998569416786,0.15305449832432158
18180,2011-10-01,1,0.5069244549048731,0.5935552423796908
18188,2011-10-01,0,0.22910260359918166,0.288541073401626
18189,2011-10-01,0,0.22729847947176074,0.2884779891929919
18192,2011-10-01,0,0.22879943138509828,0.3216801355298561
18194,2011-10-01,0,0.2276464108843952,0.2654653371313171
18196,2011-10-01,0,0.22779944176682232,0.22014805042229638
18198,2011-10-01,0,0.6033041634837254,0.4358082256366485
18200,2011-10-01,0,0.2548740772780097,0.1924597941728235
18203,2011-10-01,0,0.23218521282657312,0.12116433624237677
18204,2011-10-01,0,0.3838934822577248,0.38202451635468404
18205,2011-10-01,0,0.22620949252285294,0.3043278016348353
18211,2011-10-01,1,0.37945196543556237,0.2964002509144832
18215,2011-10-01,0,0.2266902904530519,0.23909438213832956
18217,2011-10-01,0,0.22693999551786004,0.32835719580696965
18219,2011-10-01,1,0.23238374505695647,0.12860685506321856
18221,2011-10-01,1,0.2542400940511108,0.17379311571800596
18222,2011-10-01,0,0.22692897359156616,0.22850673403578742
18223,2011-10-01,1,0.3692842721122812,0.27353654015882983
18225,2011-10-01,1,0.5206453581122561,0.45300255508677273
18226,2011-10-01,1,0.622006064522244,0.5446027779848885
18228,2011-10-01,1,0.2270190095897625,0.27837038893779475
18229,2011-10-01,1,0.7072241243606263,0.7453713958570213
18230,2011-10-01,0,0.22713855045923514,0.22272036278389845
18232,2011-10-01,0,0.4629747464906092,0.26086421740030896
18235,2011-10-01,0,0.40870704585023165,0.34781346247766487
18236,2011-10-01,0,0.5570996410425239,0.4389003854076084
18237,2011-10-01,1,0.4337153676795463,0.4913799467996542
18241,2011-10-01,1,0.892152093478424,0.9246264105708503
18242,2011-10-01,0,0.22567022253361702,0.5669718312982863
18245,2011-10-01,0,0.2365060736247877,0.15443550993610428
18248,2011-10-01,0,0.25552522021181034,0.16198441681450246
18251,2011-10-01,0,0.2288823103867932,0.24602535947989074
18255,2011-10-01,0,0.22629929054665643,0.2386913032776826
18257,2011-10-01,1,0.25909423545795696,0.17592143975404514
18259,2011-10-01,0,0.22816503714344405,0.253474280429448
18261,2011-10-01,1,0.2265537441273664,0.21932665949481747
18262,2011-10-01,0,0.23258240305161237,0.1382549701063211
18263,2011-10-01,0,0.23391897889960045,0.12282439227567929
18265,2011-10-01,0,0.4959460430408277,0.26386210337598587
18268,2011-10-01,0,0.22968208650133148,0.14561519467040848
18272,2011-10-01,1,0.3817745452682153,0.24425968777457197
18273,2011-10-01,0,0.2261148401557127,0.21955353049615034
18278,2011-10-01,0,0.22626798961912686,0.31005213777958857
18282,2011-10-01,0,0.25296414187315575,0.15614981807473127
18283,2011-10-01,1,0.4066527055641075,0.45026314708347703
12347,2011-11-01,0,0.22967028861327377,0.3288198863285809
12348,2011-11-01,0,0.2524486524161679,0.19194988209417685
12352,2011-11-01,1,0.32858572084520876,0.3129341053452386
12359,2011-11-01,0,0.23438231683921262,0.2420996164103927
12360,2011-11-01,0,0.4147442615290522,0.284217428020095
12362,2011-11-01,1,0.6761648728235694,0.66149270515272
12363,2011-11-01,0,0.23255344184251125,0.1379817160725165
12364,2011-11-01,0,0.5460100869587874,0.47351083999516475
12370,2011-11-01,0,0.22794248245381932,0.26570796864063057
12371,2011-11-01,0,0.27677754402279164,0.452682997963985
12372,2011-11-01,0,0.2561507587664379,0.20109957872646908
12375,2011-11-01,1,0.25416701590349267,0.151949120172117
12379,2011-11-01,0,0.2566660050677,0.17932970742570759
12380,2011-11-01,1,0.33101947500738926,0.359555265611617
12381,2011-11-01,1,0.46086698645311086,0.44778425881273726
12384,2011-11-01,1,0.23191914038111805,0.1256322464319183
12388,2011-11-01,1,0.2605714995207351,0.1917922401983974
12390,2011-11-01,0,0.25801795470380584,0.18321054443271093
12393,2011-11-01,0,0.2579842223480284,0.19904938731073668
12394,2011-11-01,0,0.22680062997063177,0.22207673507474202
12395,2011-11-01,1,0.36416271893547336,0.2726247452428556
12398,2011-11-01,0,0.23080276620936047,0.2931333487960671
12399,2011-11-01,0,0.2325474813113131,0.12761680160113012
12403,2011-11-01,0,0.22567268656612338,0.27376894910949917
12407,2011-11-01,0,0.22626026548164302,0.27364308690199884
12408,2011-11-01,1,0.25854946636739073,0.15172367216715088
12409,2011-11-01,0,0.3457695616120018,0.28689204708616317
12412,2011-11-01,0,0.2557468701695377,0.19390439306543913
12413,2011-11-01,0,0.22618313434087822,0.21363580838332705
12415,2011-11-01,1,0.4561499151909518,0.6678772833092008
12417,2011-11-01,0,0.5703751840020732,0.4342548529085405
12418,2011-11-01,0,0.23446895465878925,0.13469663342483887
12420,2011-11-01,0,0.22732294516626972,0.22217345064597363
12421,2011-11-01,1,0.23224130886843453,0.1325594847280023
12422,2011-11-01,0,0.25427929675774985,0.15592073958139693
12423,2011-11-01,0,0.2324990515463231,0.148941053502083
12425,2011-11-01,0,0.2604721795305682,0.18592484323313907
12427,2011-11-01,1,0.22651756652816013,0.23229612741241665
12428,2011-11-01,1,0.23391843583337735,0.12664259245111545
12430,2011-11-01,0,0.22585340487764305,0.30506089676817016
12431,2011-11-01,1,0.4526460280691307,0.565616925056745
12432,2011-11-01,0,0.22478930545170894,0.5553186151882192
12433,2011-11-01,1,0.4309949457375367,0.3395380307138244
12434,2011-11-01,0,0.25805407419951953,0.17392861735647552
12435,2011-11-01,0,0.29036306742126994,0.18317290499987174
12436,2011-11-01,0,0.2332154714404563,0.1504581049545003
12437,2011-11-01,1,0.5381381031367873,0.6396393514698926
12444,2011-11-01,1,0.5157759854005923,0.4426155069394876
12446,2011-11-01,0,0.22919387346660203,0.24210696835021112
12448,2011-11-01,0,0.22652251514265587,0.29919382988824905
12449,2011-11-01,1,0.26366428825843524,0.16191263703599817
12451,2011-11-01,1,0.23338169039575163,0.21686401063550112
12454,2011-11-01,0,0.23339894129765604,0.24635496965666
12455,2011-11-01,0,0.43476938308725077,0.24398898803616345
12456,2011-11-01,0,0.22837554638024382,0.299401668760537
12457,2011-11-01,0,0.43655410983044074,0.657963384731336
12458,2011-11-01,0,0.2571294516949536,0.20142488933115324
12461,2011-11-01,0,0.24654158184194608,0.15782723025979142
12463,2011-11-01,0,0.226923934379328,0.2572626819743569
12464,2011-11-01,1,0.23019473696986914,0.14163500399652804
12471,2011-11-01,1,0.5663070076838219,0.7945566566833449
12472,2011-11-01,1,0.23051737747179346,0.2651700560669014
12473,2011-11-01,1,0.415520098831478,0.2798054127530359
12474,2011-11-01,1,0.5080306882104813,0.6361577365145191
12475,2011-11-01,0,0.2279493436001987,0.25667066328319477
12476,2011-11-01,1,0.39595400378865886,0.5664879333792442
12477,2011-11-01,1,0.4120349778258666,0.5027648085904989
12481,2011-11-01,1,0.22938648008541773,0.21650001919936876
12483,2011-11-01,1,0.43546028465696884,0.32328819916106266
12484,2011-11-01,1,0.26512138769553206,0.20523132734621438
12488,2011-11-01,1,0.3723711019787792,0.3937742257278674
12490,2011-11-01,1,0.30614968433079137,0.23107576800115648
12492,2011-11-01,0,0.35606033608623855,0.2880131634532945
12494,2011-11-01,1,0.22644912355650282,0.3232266200776356
12497,2011-11-01,0,0.26150700431723395,0.17951686555972216
12498,2011-11-01,1,0.22627218760490575,0.24161782992450187
12500,2011-11-01,1,0.46725656264018356,0.7015154717020998
12502,2011-11-01,0,0.3773940685050997,0.21848177226678744
12512,2011-11-01,0,0.22450333045641369,0.3542380545164375
12513,2011-11-01,0,0.23451372894156286,0.13468386850749456
12516,2011-11-01,0,0.25915343577626015,0.1872878557033844
12517,2011-11-01,1,0.43356856266550414,0.245373118207527
12518,2011-11-01,1,0.47004829501583134,0.4722417630470654
12519,2011-11-01,0,0.22682278097110709,0.22223728848297453
12520,2011-11-01,0,0.2586024925174074,0.1836998782474896
12522,2011-11-01,0,0.26938581011981433,0.5080082661572172
12523,2011-11-01,1,0.6154378598249527,0.6909506481721518
12524,2011-11-01,1,0.2275544566931308,0.22247030264139375
12526,2011-11-01,0,0.3852947596966727,0.3218961893068917
12527,2011-11-01,0,0.252579215176603,0.17947137668209875
12528,2011-11-01,1,0.37894079190003294,0.27191193392565927
12530,2011-11-01,0,0.42502729549968266,0.2603067053361045
12535,2011-11-01,0,0.25565224430316735,0.16188546443765095
12536,2011-11-01,0,0.2783374036374947,0.6881014676242624
12540,2011-11-01,1,0.6758779662719598,0.7656713334558959
12545,2011-11-01,0,0.2556710385789228,0.19198971654102975
12546,2011-11-01,0,0.36102144767246,0.3780132772089213
12550,2011-11-01,0,0.2626715553814831,0.1836326137349991
12552,2011-11-01,1,0.22605689874727597,0.3287556704564063
12553,2011-11-01,1,0.3839846047684251,0.2836023072079592
12556,2011-11-01,0,0.22763428666268837,0.26972277543013795
12560,2011-11-01,0,0.2291357744112812,0.13488764604932413
12562,2011-11-01,1,0.5427038995696437,0.4312028048930366
12566,2011-11-01,0,0.2558266107163186,0.1705215990601119
12567,2011-11-01,1,0.3168563995671353,0.22350159397949948
12569,2011-11-01,1,0.9079318082856316,0.9315436795654941
12571,2011-11-01,0,0.48126551609935575,0.27492373339846227
12572,2011-11-01,0,0.22748620213622428,0.2645550769776613
12576,2011-11-01,1,0.25509948675793803,0.1559388797186206
12579,2011-11-01,0,0.2570680349166796,0.1859018650569372
12581,2011-11-01,0,0.2264614563159657,0.32786392606368575
12583,2011-11-01,1,0.5254527036886842,0.6050565685922631
12584,2011-11-01,1,0.6544541898144143,0.5504689992876745
12588,2011-11-01,0,0.22516318704136296,0.32953719530615805
12592,2011-11-01,0,0.25443684635847263,0.16073744383954197
12593,2011-11-01,0,0.23219151606052646,0.13924245170014699
12594,2011-11-01,1,0.4594204326457454,0.2716628762170017
12596,2011-11-01,0,0.22610639197293725,0.265385545156226
12597,2011-11-01,1,0.23270033015456482,0.32252858450617583
12598,2011-11-01,1,0.2561430767415942,0.20157187986725972
12599,2011-11-01,1,0.2318864316415472,0.12114673077785279
12600,2011-11-01,1,0.3543231811256776,0.24857199060003154
12602,2011-11-01,0,0.22644742809301022,0.23842018242870938
12604,2011-11-01,0,0.25361585129875297,0.1835947992679452
12607,2011-11-01,0,0.23130141328929754,0.23241110325725442
12609,2011-11-01,0,0.2557379229614277,0.18584300961645908
12610,2011-11-01,1,0.5891853366711275,0.5521671818849201
12611,2011-11-01,0,0.229608291727198,0.2612283033839191
12612,2011-11-01,0,0.2591656039344513,0.19440442200761907
12613,2011-11-01,0,0.23183844944192222,0.2424235314871936
12615,2011-11-01,1,0.25838127982994474,0.20091632268754323
12616,2011-11-01,0,0.25704411128925464,0.15625297259906007
12619,2011-11-01,1,0.46438109492965574,0.44248588941730604
12620,2011-11-01,1,0.25649216719842405,0.18126965700660203
12621,2011-11-01,1,0.5734596294819276,0.6935846009790919
12624,2011-11-01,0,0.23297989538396668,0.14171063509883652
12626,2011-11-01,1,0.5997665288935674,0.5495393393065122
12627,2011-11-01,1,0.49016891035535126,0.5916779321227591
12628,2011-11-01,1,0.22670392573589704,0.21931462651933367
12630,2011-11-01,1,0.22780939083314433,0.30401138130882777
12631,2011-11-01,0,0.22750556344997497,0.24226146394664702
12633,2011-11-01,0,0.22646502096590337,0.23846294939990767
12635,2011-11-01,0,0.2630420257753405,0.16523117779373478
12637,2011-11-01,0,0.41908839422184163,0.5152259186871501
12640,2011-11-01,1,0.2603822741983415,0.17947940244276395
12641,2011-11-01,0,0.23159388100762568,0.13162799482561813
12642,2011-11-01,1,0.4023378634738062,0.2954106000981985
12643,2011-11-01,0,0.23497538112276217,0.11943414293023417
12645,2011-11-01,1,0.2338268274185651,0.13809372943955425
12646,2011-11-01,0,0.22772965589407945,0.27415040347073844
12647,2011-11-01,1,0.5006063429222057,0.42009091763764056
12649,2011-11-01,0,0.2356864101396472,0.18123467133401672
12656,2011-11-01,1,0.40735153756722164,0.25992423407167353
12657,2011-11-01,1,0.37260421838940183,0.3802257804357088
12662,2011-11-01,1,0.3933613782052534,0.29413634355255586
12664,2011-11-01,1,0.3842513702648003,0.5459200838631281
12667,2011-11-01,0,0.22749699988691074,0.2392258599757621
12670,2011-11-01,1,0.2586063437478765,0.151689340901618
12674,2011-11-01,1,0.256835580070904,0.1620192421870603
12676,2011-11-01,1,0.42499916611052013,0.2516939288489489
12678,2011-11-01,0,0.5107109189906619,0.7237799606419535
12679,2011-11-01,0,0.3449640585074646,0.33201953016468616
12680,2011-11-01,0,0.4652765752967045,0.4539229543645915
12681,2011-11-01,1,0.38190425678747364,0.597434494783235
12682,2011-11-01,1,0.6625967718784606,0.781733375479582
12683,2011-11-01,0,0.483077917183071,0.49110808483113033
12684,2011-11-01,1,0.22642575486769934,0.22234445479436854
12685,2011-11-01,1,0.5803719656048717,0.7429451819629526
12688,2011-11-01,0,0.25324550627415077,0.13352127359107047
12689,2011-11-01,1,0.23418791130941174,0.12018686889703739
12691,2011-11-01,1,0.22621374207056733,0.23863893296613775
12693,2011-11-01,0,0.23131052497288362,0.12046649912499476
12694,2011-11-01,0,0.25637809633539776,0.2036458397212685
12695,2011-11-01,0,0.35318466063882703,0.28091728543744204
12700,2011-11-01,0,0.2309092939114189,0.2165215111639324
12701,2011-11-01,0,0.2573648653838184,0.18331378435138415
12703,2011-11-01,0,0.2556363550765195,0.20167337899337173
12704,2011-11-01,1,0.46960374704443775,0.4176916029845925
12705,2011-11-01,1,0.37464695251059454,0.3836882832164627
12708,2011-11-01,1,0.35929772783614344,0.2821824778578132
12709,2011-11-01,1,0.5564916843046607,0.6469965754693741
12710,2011-11-01,0,0.2564098317616992,0.1546138200826758
12712,2011-11-01,1,0.4009833644281231,0.2983164272631053
12714,2011-11-01,1,0.2371514011314133,0.14145415121140648
12715,2011-11-01,0,0.23306302865220463,0.14172560471032317
12718,2011-11-01,0,0.2550466799980502,0.20154821158735725
12719,2011-11-01,0,0.22664768535107072,0.21709557291440773
12720,2011-11-01,1,0.8444678805591219,0.8160361312796717
12721,2011-11-01,1,0.2561235917777934,0.18345208620951223
12722,2011-11-01,0,0.4068279685349946,0.4304738222929334
12723,2011-11-01,1,0.22451137539486699,0.3609206921475033
12724,2011-11-01,0,0.2580550714765666,0.1795262338018704
12726,2011-11-01,1,0.2562180552424501,0.17050832771275568
12727,2011-11-01,1,0.25644585690827326,0.15615285007621607
12728,2011-11-01,0,0.25466411486475804,0.20143501965617713
12729,2011-11-01,0,0.2336026754672974,0.13364756549189696
12731,2011-11-01,1,0.4595416417903374,0.558835732569083
12739,2011-11-01,0,0.3321236945962385,0.2741463418121577
12740,2011-11-01,0,0.22733290843468057,0.22239807722014066
12744,2011-11-01,0,0.2171143843882084,0.4465260304351524
12747,2011-11-01,1,0.3562355398643057,0.27704724002784553
12748,2011-11-01,1,1.0,0.9957308242365565
12750,2011-11-01,0,0.2325021206000183,0.11930273975236126
12752,2011-11-01,0,0.2962066074106786,0.17960121522940847
12756,2011-11-01,0,0.2538115265266915,0.17016159835537362
12757,2011-11-01,1,0.2737640926166305,0.6515512939426873
12758,2011-11-01,0,0.23676549112666778,0.13047384944835613
12759,2011-11-01,0,0.2272041513856734,0.2615060961536758
12766,2011-11-01,0,0.22996946828463216,0.2419600156915533
12772,2011-11-01,0,0.22863981871379901,0.23476504052865793
12778,2011-11-01,1,0.22634978310221376,0.22297514049353134
12781,2011-11-01,0,0.22590253676479932,0.22238363783605497
12783,2011-11-01,1,0.3723127896141144,0.7216006408510519
12787,2011-11-01,1,0.2541804722787119,0.16212053900360443
12789,2011-11-01,0,0.222118113046603,0.21694637377224982
12794,2011-11-01,0,0.39861724560115386,0.31259949864466763
12798,2011-11-01,1,0.22981440229845607,0.2990994556304418
12812,2011-11-01,0,0.22669692614519976,0.2983203799188471
12814,2011-11-01,0,0.22820677697156977,0.14780654627351106
12816,2011-11-01,0,0.2539222901655316,0.15609526228939258
12820,2011-11-01,0,0.3524377023925924,0.39150013213788526
12822,2011-11-01,0,0.35479436436010825,0.30848834933452884
12823,2011-11-01,0,0.4272032366595472,0.2431837757711185
12824,2011-11-01,0,0.22721261628282663,0.23524950650668233
12826,2011-11-01,1,0.2550900790196594,0.20097008763029092
12827,2011-11-01,1,0.22661045256779322,0.29964010354452236
12828,2011-11-01,0,0.41684237914968647,0.46215773170489377
12830,2011-11-01,1,0.2616129782053249,0.16229292717638055
12832,2011-11-01,1,0.25535097110763305,0.15191564255673518
12836,2011-11-01,0,0.2279183958815606,0.2355759310795173
12839,2011-11-01,1,0.6145281263308212,0.5895178348697669
12841,2011-11-01,1,0.7428562670787002,0.7110377069354146
12842,2011-11-01,0,0.2604382193074547,0.20389990081815904
12843,2011-11-01,0,0.2244468368338467,0.21677975202561564
12851,2011-11-01,0,0.2549685696204147,0.15465445166424585
12854,2011-11-01,0,0.2579496877921539,0.18547208230331244
12856,2011-11-01,1,0.3293687772038072,0.6688173553131229
12863,2011-11-01,0,0.2260428376072413,0.2614086569691404
12865,2011-11-01,1,0.23641342859326986,0.12373400122515771
12867,2011-11-01,1,0.2607675111115647,0.15470799920853698
12871,2011-11-01,0,0.25460491057890644,0.17411590917326564
12876,2011-11-01,0,0.2296748145763502,0.24204816553042488
12877,2011-11-01,1,0.40771669057303983,0.2429803177180702
12879,2011-11-01,0,0.4732036842637022,0.5403115767131332
12883,2011-11-01,1,0.25492715421348633,0.16551931112711205
12884,2011-11-01,0,0.25237663428104884,0.16702387525071596
12885,2011-11-01,0,0.4256994463523819,0.4358613704877748
12886,2011-11-01,0,0.22771209821806127,0.21106042288944377
12895,2011-11-01,0,0.3937465828443837,0.35411248705584947
12901,2011-11-01,1,0.5759988519158143,0.6973325655004037
12906,2011-11-01,1,0.29571587099300534,0.28744081151580453
12909,2011-11-01,0,0.4071107534198585,0.3542556649341726
12910,2011-11-01,1,0.311598090212709,0.34080111974374555
12912,2011-11-01,1,0.22656343943915236,0.32212796322849985
12917,2011-11-01,0,0.23358342673948196,0.11956761044773409
12919,2011-11-01,1,0.2319338914358814,0.13052811286211452
12921,2011-11-01,1,0.6957730542557325,0.884327039996509
12923,2011-11-01,0,0.22679185855527118,0.22014400880136537
12924,2011-11-01,0,0.2552471820426645,0.16707596850294154
12925,2011-11-01,0,0.2563910130558247,0.19398103117538387
12928,2011-11-01,1,0.22708930572745756,0.2929307262290897
12930,2011-11-01,0,0.25458422076480114,0.1857340110673459
12931,2011-11-01,1,0.5415263080807031,0.6301733518576541
12935,2011-11-01,1,0.2332231218808558,0.13807952045425537
12936,2011-11-01,1,0.2607339451418962,0.18560939458749937
12937,2011-11-01,1,0.25693900821317484,0.20134557071697123
12939,2011-11-01,0,0.34862276562809,0.6840416470673131
12940,2011-11-01,0,0.36414235937576955,0.33778454582459966
12948,2011-11-01,1,0.45906440904033896,0.4932665276235251
12949,2011-11-01,1,0.23354677560186077,0.13274518541572475
12952,2011-11-01,0,0.3882688113144144,0.5939940563268573
12955,2011-11-01,1,0.38393703528425094,0.3280024176883685
12957,2011-11-01,1,0.2881472022698808,0.3235600084984673
12962,2011-11-01,0,0.2323184826137764,0.13373485425042717
12963,2011-11-01,1,0.354815274207013,0.34712095649296093
12965,2011-11-01,0,0.2623725217569802,0.165534085318714
12968,2011-11-01,0,0.23189969669847443,0.13490421605080752
12971,2011-11-01,1,0.9797707438123492,0.9616685509572862
12987,2011-11-01,0,0.2548618812218649,0.19635384532733935
12989,2011-11-01,1,0.4204843709349487,0.6708220799364842
12991,2011-11-01,1,0.23318829801862173,0.13485527102659708
12993,2011-11-01,1,0.23268263008960333,0.12660478325569616
12994,2011-11-01,0,0.23281184855739234,0.12680469881849257
12995,2011-11-01,0,0.25426851782766813,0.17236828436994603
12997,2011-11-01,1,0.25555951079115735,0.1666935564945789
13000,2011-11-01,0,0.23216366234933583,0.1414939321654105
13003,2011-11-01,0,0.23208262848273697,0.14270380518525416
13004,2011-11-01,1,0.47881812637361676,0.5778320476723926
13006,2011-11-01,0,0.22543552179013426,0.2458381353744975
13012,2011-11-01,1,0.2544577554420867,0.1858702794155334
13013,2011-11-01,1,0.542641217388449,0.551844130347686
13014,2011-11-01,1,0.388795788326327,0.26164082588321486
13015,2011-11-01,0,0.23113881697242167,0.2571933774549862
13016,2011-11-01,0,0.47226636678198575,0.4304007842598455
13018,2011-11-01,1,0.6648683719649462,0.71529914201941
13021,2011-11-01,1,0.2832251492583395,0.33001318090144
13023,2011-11-01,0,0.22661570423493538,0.22015815513212278
13026,2011-11-01,1,0.2559044629366024,0.16041350752972675
13027,2011-11-01,0,0.23350103110653897,0.13355817625011068
13028,2011-11-01,1,0.22720417175098706,0.29393944025669383
13032,2011-11-01,0,0.3669854370437531,0.3413208666896256
13034,2011-11-01,0,0.2274422177157467,0.25310891986170003
13035,2011-11-01,0,0.2582343628145777,0.19605604169403743
13038,2011-11-01,0,0.25499363531786967,0.18164025841165599
13045,2011-11-01,0,0.23319007527318547,0.15062242359397043
13047,2011-11-01,1,0.4454341682686993,0.2563743960714939
13048,2011-11-01,1,0.23389677237510276,0.1336349994200176
13049,2011-11-01,0,0.22625734653666563,0.22004503600919476
13050,2011-11-01,1,0.5632980306710231,0.5652226550109765
13055,2011-11-01,0,0.2875873989534784,0.287315947785318
13058,2011-11-01,1,0.22557784210957066,0.23871987874082534
13061,2011-11-01,0,0.25483573967050344,0.19908730595870558
13064,2011-11-01,1,0.25455671478961406,0.16707712650229362
13067,2011-11-01,0,0.25370430484941586,0.17770082908216467
13069,2011-11-01,1,0.5579559610369518,0.6385217411101722
13078,2011-11-01,1,0.7463517741106884,0.8396576432681394
13079,2011-11-01,1,0.34239829002555566,0.29071465643956773
13082,2011-11-01,0,0.23181351574111653,0.1212792011725701
13083,2011-11-01,0,0.25447057435252707,0.1917249776525217
13089,2011-11-01,1,0.9948017464310821,0.9923634918732986
13090,2011-11-01,1,0.26832942318043596,0.40974565553413617
13092,2011-11-01,0,0.253236459071272,0.20345958989625101
13094,2011-11-01,1,0.25449239789628797,0.18166766960498598
13095,2011-11-01,0,0.25365400672368343,0.2035371521375558
13097,2011-11-01,1,0.4168885314992443,0.24651888953658901
13098,2011-11-01,1,0.7905195918034021,0.771475164759478
13099,2011-11-01,0,0.2325433280838406,0.15076920638284733
13102,2011-11-01,1,0.3752136246058262,0.37041826172662007
13103,2011-11-01,0,0.22622146416089817,0.32805557085281156
13104,2011-11-01,0,0.37437825921602386,0.3531470961835672
13107,2011-11-01,0,0.3864761556284805,0.35529091975726057
13109,2011-11-01,0,0.22712191522649117,0.23489633810302554
13110,2011-11-01,1,0.22638925118790265,0.2575513975561093
13113,2011-11-01,1,0.587443093192516,0.563809622751787
13115,2011-11-01,1,0.2458579503563425,0.4184472261694434
13117,2011-11-01,1,0.23204731337592666,0.12558394777665996
13122,2011-11-01,0,0.2532047433360628,0.15776117140774912
13124,2011-11-01,0,0.2664344538136817,0.16534562949730086
13126,2011-11-01,0,0.34721478724218835,0.3984294566353066
13127,2011-11-01,0,0.255224909496126,0.18739432396766192
13130,2011-11-01,0,0.2532099935922437,0.15773744509149165
13131,2011-11-01,1,0.2567916473763233,0.20161246712951197
13134,2011-11-01,0,0.26192006623345576,0.1719881205200304
13136,2011-11-01,0,0.3629817430753415,0.33521263138989493
13137,2011-11-01,1,0.5166686830620153,0.5005301497848444
13138,2011-11-01,1,0.3598790258236042,0.36889834871595817
13139,2011-11-01,1,0.40104432516411015,0.27009203875073384
13140,2011-11-01,0,0.2722242308155918,0.1889915240297827
13141,2011-11-01,0,0.2628241356254907,0.17372293929721336
13145,2011-11-01,0,0.603022055165252,0.4342533862344304
13147,2011-11-01,1,0.3971245647505153,0.31890085283174047
13149,2011-11-01,1,0.2328946572479249,0.14164081889434
13155,2011-11-01,1,0.2556584992426185,0.18328587010454434
13157,2011-11-01,0,0.2285509972560279,0.27433363471841093
13158,2011-11-01,0,0.34789985489127573,0.2250183376392245
13159,2011-11-01,0,0.4857141633869232,0.4616506131103531
13162,2011-11-01,0,0.23341475816940394,0.12487681429668658
13165,2011-11-01,0,0.22756260824896923,0.2889869723660765
13167,2011-11-01,1,0.22656474349376143,0.21162044778837313
13169,2011-11-01,0,0.22642306574059257,0.22257769677293793
13171,2011-11-01,1,0.2260097304026979,0.27480232643212116
13176,2011-11-01,0,0.2281359240293831,0.28912066562708033
13177,2011-11-01,0,0.22672308275809028,0.21937079184581607
13178,2011-11-01,1,0.26043641928567396,0.19647900274168761
13182,2011-11-01,0,0.2265478277040055,0.29385571512318137
13183,2011-11-01,1,0.31958691534054817,0.25279054086574687
13186,2011-11-01,0,0.619284631837653,0.4308122487301039
13189,2011-11-01,1,0.23238000049829455,0.1316179577130899
13192,2011-11-01,0,0.25742751228443583,0.15618823217842195
13193,2011-11-01,0,0.22653042832170212,0.22899816111793497
13196,2011-11-01,1,0.2639988297019288,0.17394117457079672
13198,2011-11-01,1,0.23412001574038588,0.1266359576198215
13199,2011-11-01,1,0.6731438715169734,0.8652732611491017
13200,2011-11-01,1,0.4260077034653783,0.24455112894092387
13203,2011-11-01,1,0.48127593011374614,0.276655413048255
13208,2011-11-01,0,0.24357398170430455,0.40644801545653525
13209,2011-11-01,1,0.23454082807036192,0.1194070135770524
13210,2011-11-01,0,0.2564142720645406,0.15878405817159716
13211,2011-11-01,1,0.2606092923530884,0.1563937667853325
13212,2011-11-01,1,0.2249520274825343,0.38784984776016745
13213,2011-11-01,0,0.44803378411433603,0.254540162197865
13217,2011-11-01,0,0.23175944187084407,0.12485939955250923
13218,2011-11-01,0,0.232167478198688,0.12043529800397954
13220,2011-11-01,0,0.2530589661354695,0.18559078821437658
13224,2011-11-01,0,0.22908508179885279,0.23225107034022224
13225,2011-11-01,0,0.2276265543138124,0.23214075541118073
13228,2011-11-01,0,0.2560856690552844,0.17967625980784788
13232,2011-11-01,1,0.25482787192821577,0.15188695925933615
13233,2011-11-01,0,0.2558422192711284,0.19420033452938934
13236,2011-11-01,1,0.23315725296314382,0.14140694050390498
13240,2011-11-01,0,0.2539487884539414,0.1547407410674177
13242,2011-11-01,0,0.23250083846459835,0.13477552943710047
13244,2011-11-01,0,0.2541349346263686,0.1605256138557642
13245,2011-11-01,0,0.2264943767878531,0.26946041517622277
13247,2011-11-01,1,0.3553079727022128,0.35589111354921094
13248,2011-11-01,0,0.2319876066216342,0.12292181071041808
13249,2011-11-01,0,0.305152379325638,0.22933630153534593
13259,2011-11-01,0,0.22830364336178732,0.2285132723304689
13260,2011-11-01,0,0.2264447735923002,0.2288472291269962
13263,2011-11-01,1,0.9309162959829514,0.9065824577382767
13265,2011-11-01,0,0.3671648169471048,0.3365965844687136
13266,2011-11-01,1,0.5357750323833567,0.4720002894374406
13267,2011-11-01,1,0.3277595586700818,0.2339583577976809
13268,2011-11-01,1,0.2565668616415606,0.1738395136211152
13269,2011-11-01,1,0.4513057326272514,0.5893111167293187
13272,2011-11-01,1,0.2538346431144509,0.16530141636700366
13273,2011-11-01,0,0.23259418890957195,0.13375262190778386
13276,2011-11-01,0,0.33940986663466466,0.29886497450839405
13277,2011-11-01,1,0.2320763014103503,0.13066291010011014
13278,2011-11-01,0,0.2278764679583527,0.3221895303329329
13279,2011-11-01,0,0.2540028836306122,0.18591478957620786
13280,2011-11-01,0,0.23236082381906809,0.12477046692214842
13283,2011-11-01,0,0.22623913400220153,0.23483642949993974
13297,2011-11-01,1,0.22950163784082112,0.21161671677210112
13301,2011-11-01,0,0.23235719693022017,0.14520534243066746
13305,2011-11-01,1,0.3745302174664411,0.420265246166849
13307,2011-11-01,0,0.2314432965070473,0.126812682008452
13308,2011-11-01,1,0.22663769575449544,0.26149176221838333
13309,2011-11-01,0,0.38912588788604374,0.3460543484452516
13314,2011-11-01,0,0.30042210517739454,0.35414728830908
13316,2011-11-01,1,0.2590276084616735,0.1834353111430602
13317,2011-11-01,0,0.22903520467089478,0.21416006422854456
13319,2011-11-01,1,0.46509833576388493,0.5782569186562266
13320,2011-11-01,0,0.35962618391757073,0.2657851531249216
13321,2011-11-01,0,0.34449057739784106,0.3054353240210195
13323,2011-11-01,1,0.25334563924290887,0.1739851392073339
13324,2011-11-01,1,0.29978077429169936,0.23923101054147144
13325,2011-11-01,0,0.25879943379323966,0.17936577159178313
13327,2011-11-01,1,0.23303953593366677,0.1347319373136936
13330,2011-11-01,0,0.2569814949655328,0.16056943151392353
13334,2011-11-01,0,0.26131446905265354,0.17783597635913753
13336,2011-11-01,0,0.26106097440028486,0.1877144626025358
13340,2011-11-01,0,0.42412411870260236,0.4922568887569396
13344,2011-11-01,0,0.2251282069224756,0.3466394797230532
13347,2011-11-01,0,0.2547371122124692,0.20368382175306138
13348,2011-11-01,0,0.22668413745588212,0.22028150827165635
13350,2011-11-01,1,0.2583055429883141,0.18354580387813385
13351,2011-11-01,0,0.22629724126714734,0.21408364708864563
13352,2011-11-01,0,0.22684872776172738,0.2321160054442837
13354,2011-11-01,0,0.26060522806623365,0.20120902067746052
13355,2011-11-01,0,0.234734535779618,0.12483103041008013
13356,2011-11-01,0,0.2604158376575907,0.18163477717356935
13359,2011-11-01,0,0.22671866780567373,0.22224552833013303
13362,2011-11-01,1,0.22816427521001625,0.2609025932238227
13363,2011-11-01,1,0.22771011442437117,0.3040308938303359
13364,2011-11-01,0,0.25401532674364113,0.20170892808868732
13366,2011-11-01,0,0.22628815342270414,0.26981747508308135
13372,2011-11-01,0,0.25587467343405057,0.16534676348031974
13373,2011-11-01,0,0.22961030269652793,0.23170279826462628
13375,2011-11-01,0,0.2604471360229177,0.16682621875637504
13376,2011-11-01,0,0.23208476240948583,0.15069013378040708
13379,2011-11-01,1,0.22744356163783774,0.2089826692419469
13381,2011-11-01,1,0.3477272805882341,0.23876955362772892
13384,2011-11-01,1,0.7090077041439287,0.6374779671530356
13389,2011-11-01,1,0.2558506439956424,0.1938668783282789
13390,2011-11-01,0,0.2575870434180162,0.19375130006756458
13394,2011-11-01,0,0.5093338415512887,0.4602481889681475
13397,2011-11-01,0,0.3806595351759279,0.2685664962227271
13402,2011-11-01,0,0.23326867272446417,0.12039452099416371
13405,2011-11-01,0,0.2515935728863543,0.1945396718604876
13408,2011-11-01,1,0.9671871047836421,0.9779328254014925
13410,2011-11-01,1,0.2543430204291153,0.19403424458434737
13411,2011-11-01,0,0.2326098127188101,0.14046851273690936
13416,2011-11-01,0,0.37182555618772783,0.3691340281103964
13418,2011-11-01,1,0.5859868549170779,0.5520531525848941
13419,2011-11-01,0,0.22677246094739456,0.2226562435465088
13421,2011-11-01,0,0.22882889484404134,0.3228595416841731
13422,2011-11-01,0,0.2346203687639794,0.2198251949122407
13425,2011-11-01,0,0.23347324532169522,0.13945952447783047
13426,2011-11-01,1,0.34045306817976073,0.3176473563950419
13427,2011-11-01,1,0.2328668309214268,0.12663927494825752
13429,2011-11-01,1,0.37834295407061846,0.6026509054947162
13430,2011-11-01,1,0.25632412952802885,0.17051677287493355
13431,2011-11-01,0,0.3329193001071634,0.31375399811644417
13434,2011-11-01,0,0.3673494181955844,0.2861767694432813
13435,2011-11-01,1,0.6431573322966759,0.5517461514780485
13437,2011-11-01,1,0.23172356570876218,0.15080688933032052
13441,2011-11-01,0,0.2555544931519832,0.16193981881403322
13448,2011-11-01,1,0.26456681794119485,0.18149785451446587
13450,2011-11-01,1,0.37608240249593117,0.22967568250146916
13451,2011-11-01,1,0.23701650357678516,0.1212956282865754
13456,2011-11-01,1,0.22716728249824092,0.22296477216236882
13458,2011-11-01,1,0.43690894081037623,0.5126337096425189
13460,2011-11-01,1,0.22653150722565174,0.2735770565616578
13464,2011-11-01,0,0.22806400670976923,0.2389415743655015
13468,2011-11-01,1,0.7370512268748721,0.778772340524603
13470,2011-11-01,0,0.29090645016135264,0.21566378820274948
13471,2011-11-01,1,0.22968833921372567,0.2836226721373827
13473,2011-11-01,0,0.2259094602214009,0.23176782421944037
13477,2011-11-01,1,0.22738759046608203,0.24167886239580538
13481,2011-11-01,0,0.4409176384929596,0.48350823365449086
13483,2011-11-01,0,0.2265371403034705,0.21674841689990715
13486,2011-11-01,0,0.42502917048571787,0.23825379041866296
13487,2011-11-01,0,0.22579303234860448,0.24200163387457294
13488,2011-11-01,1,0.6465882577567715,0.5686826201542833
13489,2011-11-01,0,0.2322946238758511,0.1428270349184356
13491,2011-11-01,0,0.22614601150462987,0.2645903080471506
13499,2011-11-01,1,0.2541366105918469,0.1961136099084403
13500,2011-11-01,1,0.23308386984026896,0.12473570179162038
13503,2011-11-01,0,0.2548798695622688,0.20121912907839437
13504,2011-11-01,0,0.22671662394742487,0.21978087725344697
13505,2011-11-01,0,0.2714310907668569,0.19867921193743
13507,2011-11-01,0,0.30514968791971997,0.217096401268375
13509,2011-11-01,0,0.3706051120572369,0.31083773049355184
13510,2011-11-01,0,0.4109073648518554,0.32732383467121834
13513,2011-11-01,0,0.23224996231407358,0.121117601974434
13514,2011-11-01,0,0.253749791755324,0.19612320792945523
13515,2011-11-01,0,0.4043758685655534,0.25851553859713744
13516,2011-11-01,1,0.2576546113328734,0.19873177426221764
13517,2011-11-01,0,0.37353852914564145,0.28988513325262105
13518,2011-11-01,0,0.25946063503456673,0.17198075541150837
13519,2011-11-01,0,0.25310202890708133,0.18600099937556935
13520,2011-11-01,0,0.22741476892595014,0.23827299311751265
13523,2011-11-01,1,0.22753369803103496,0.2880197264084847
13524,2011-11-01,0,0.49671288569467376,0.507029751044103
13527,2011-11-01,1,0.43510763325539736,0.5273663384675772
13529,2011-11-01,0,0.25367954750410227,0.18521517320399905
13534,2011-11-01,1,0.4037579973760854,0.483049265553054
13536,2011-11-01,1,0.3312468124148158,0.37524722913089875
13538,2011-11-01,0,0.5626868755286896,0.45003083984492215
13539,2011-11-01,0,0.25530803570684146,0.17196725436234062
13544,2011-11-01,0,0.22680283417019942,0.32869148053754793
13546,2011-11-01,1,0.22709845988767263,0.2574486058234015
13548,2011-11-01,0,0.2576046776566989,0.15478243268479064
13549,2011-11-01,1,0.22524838139210468,0.2201601761868106
13552,2011-11-01,0,0.5764207879664411,0.633378201647109
13555,2011-11-01,0,0.3018506450411791,0.3126191588299453
13558,2011-11-01,1,0.257675386141329,0.3720679810444502
13562,2011-11-01,0,0.2585337298443633,0.17938581355698832
13563,2011-11-01,0,0.25126394960723786,0.17408822978553132
13566,2011-11-01,0,0.3915649641753781,0.36891389496418214
13571,2011-11-01,1,0.6462172662141293,0.549023271858756
13573,2011-11-01,0,0.226457437825337,0.2699887176238359
13575,2011-11-01,1,0.3035072217872343,0.3763158741048869
13576,2011-11-01,1,0.5770629121206103,0.5876029607633144
13577,2011-11-01,1,0.2566124184445472,0.1605234770244542
13587,2011-11-01,0,0.226267053367185,0.22261903018088858
13588,2011-11-01,1,0.5876393933597241,0.5675285915277936
13590,2011-11-01,1,0.22744269258220817,0.26524971590187996
13591,2011-11-01,0,0.22711945648724896,0.21967217422124866
13593,2011-11-01,0,0.234468903548546,0.13928420552219153
13594,2011-11-01,0,0.22728171887571813,0.2607343487944571
13598,2011-11-01,0,0.2268450094723291,0.28388688767699066
13599,2011-11-01,1,0.28421331881863277,0.25898374308134
13601,2011-11-01,0,0.22778613498538192,0.29467687378044344
13602,2011-11-01,0,0.22733041187736935,0.21959373416638747
13607,2011-11-01,0,0.22940063925411802,0.32337280668208346
13610,2011-11-01,1,0.39976517414338253,0.28692938056712575
13611,2011-11-01,0,0.2584176930877168,0.16548863474737174
13614,2011-11-01,1,0.25487072694944424,0.1654363976355346
13617,2011-11-01,0,0.4539936775199839,0.28985107561128187
13621,2011-11-01,0,0.2328113692184357,0.13039218741836298
13627,2011-11-01,0,0.32430199615117494,0.35052063340164724
13629,2011-11-01,1,0.33792887300435204,0.29944482844474407
13630,2011-11-01,0,0.35852464655012184,0.2714301939857528
13631,2011-11-01,0,0.23083996275997898,0.15033439999527423
13632,2011-11-01,1,0.22871008433159823,0.3092254551767149
13634,2011-11-01,1,0.333817854366819,0.24981014671567633
13635,2011-11-01,0,0.22951434235060653,0.21114581393715523
13636,2011-11-01,1,0.23157420401170226,0.12483618747377116
13637,2011-11-01,0,0.22621438285245443,0.26128553100294927
13639,2011-11-01,0,0.26279090753310286,0.1942175867173596
13643,2011-11-01,1,0.2541171606528104,0.1517379814724559
13644,2011-11-01,1,0.506592258808925,0.4928215450793796
13645,2011-11-01,0,0.23224068401513154,0.1267707815114961
13647,2011-11-01,1,0.2573571301117885,0.20121575949741496
13650,2011-11-01,1,0.3400159603445301,0.5316402102503349
13651,2011-11-01,1,0.2257897389037299,0.3287556704564063
13652,2011-11-01,0,0.22737748071445274,0.29278617165639015
13654,2011-11-01,0,0.2253361732696838,0.5465858415595586
13655,2011-11-01,0,0.23424512672114617,0.1327116478636471
13658,2011-11-01,1,0.2899321376274565,0.2554487960132561
13662,2011-11-01,0,0.25599495350880885,0.17209744428050933
13666,2011-11-01,0,0.2254513234875013,0.23235021931391958
13668,2011-11-01,1,0.40016013730953726,0.27883582696333786
13669,2011-11-01,0,0.2264171864550808,0.26907088888790515
13670,2011-11-01,0,0.25639700474174143,0.19215229133523684
13680,2011-11-01,0,0.22867664807408983,0.3290816049493195
13681,2011-11-01,1,0.22693047750074757,0.20858874038914152
13685,2011-11-01,0,0.294885610685767,0.6799140099560276
13689,2011-11-01,0,0.22764337931361733,0.22272243176925222
13690,2011-11-01,0,0.2257019495781647,0.23555970391725645
13694,2011-11-01,1,0.9097068159492215,0.9400998410117425
13695,2011-11-01,1,0.644999768077988,0.7010254242831232
13700,2011-11-01,1,0.41876458006865014,0.53240270678669
13704,2011-11-01,1,0.6984832504879663,0.8738947574300521
13709,2011-11-01,1,0.574115687206354,0.6396247617191343
13717,2011-11-01,1,0.45038826748924665,0.2543003205564767
13719,2011-11-01,1,0.22634876365739764,0.24247268636753208
13720,2011-11-01,0,0.23269130464223609,0.130575365955887
13725,2011-11-01,0,0.2262861355942416,0.2736179286472145
13726,2011-11-01,1,0.23320663554374377,0.1490615428861171
13728,2011-11-01,1,0.23175716594206042,0.140417062045388
13735,2011-11-01,1,0.22932769095369654,0.304876301316345
13741,2011-11-01,0,0.2548238867259718,0.20080887993416768
13742,2011-11-01,1,0.25337669436157706,0.16525382883313075
13743,2011-11-01,0,0.3857819611089115,0.42896264062548783
13744,2011-11-01,0,0.2552651882178191,0.1562549966069358
13748,2011-11-01,0,0.2824451450878551,0.21703790915528945
13750,2011-11-01,0,0.22529085508728897,0.25701889862688776
13752,2011-11-01,0,0.23214650317428198,0.12298183762009977
13755,2011-11-01,1,0.29716858776273003,0.6595583308151773
13756,2011-11-01,1,0.3590489509322624,0.31542824433106936
13759,2011-11-01,1,0.25799614228134216,0.20145021707400204
13760,2011-11-01,0,0.22676235978415182,0.2537328290996287
13761,2011-11-01,0,0.2278398483504458,0.26989083758090704
13763,2011-11-01,0,0.22984850881722851,0.22295440480799705
13764,2011-11-01,0,0.2596415622586967,0.2035371521375558
13767,2011-11-01,1,0.8274103679676128,0.8420972013261223
13769,2011-11-01,1,0.4044563318314158,0.4103985014007893
13771,2011-11-01,0,0.22536051550978997,0.36703306180379325
13772,2011-11-01,1,0.25841781612425063,0.15457618070851475
13774,2011-11-01,0,0.2561147058349005,0.17948609112928152
13777,2011-11-01,1,0.4445680623540875,0.6921466006191891
13778,2011-11-01,0,0.23227607775253512,0.14541523304921003
13782,2011-11-01,1,0.5183834321989353,0.4391350517590421
13784,2011-11-01,1,0.4781671227402995,0.46502225963050775
13787,2011-11-01,0,0.2546098013922101,0.1918473086249093
13791,2011-11-01,0,0.23310532128667982,0.12024663726162751
13792,2011-11-01,0,0.22604745323320807,0.21426714100857563
13798,2011-11-01,1,0.9232743223529649,0.891400963721579
13799,2011-11-01,0,0.2334569627577192,0.13054785624746032
13801,2011-11-01,0,0.22679550382540448,0.21377852952477686
13804,2011-11-01,1,0.36095312323886597,0.2771493020137608
13805,2011-11-01,0,0.22598929920097455,0.2615089631329539
13806,2011-11-01,0,0.22608285271431927,0.22251985611567512
13808,2011-11-01,0,0.5355213101874045,0.645384509087593
13810,2011-11-01,1,0.21864031603505552,0.42483046137108327
13812,2011-11-01,0,0.4649765451138388,0.49364102913415053
13813,2011-11-01,0,0.4828327547058274,0.550073391930061
13814,2011-11-01,0,0.26200771871263084,0.16065606888316752
13816,2011-11-01,1,0.22649217269930444,0.21993606828007142
13822,2011-11-01,0,0.22876149885691754,0.3232753337667477
13823,2011-11-01,1,0.2587796403008813,0.16200944602825357
13827,2011-11-01,0,0.22672709616725173,0.24207756331244248
13831,2011-11-01,1,0.2552157883251971,0.16842078379652808
13835,2011-11-01,1,0.22639459314868116,0.26114822762974255
13838,2011-11-01,0,0.2371087478885835,0.15631445825387025
13842,2011-11-01,0,0.3102421787428199,0.3713223021068133
13845,2011-11-01,0,0.22664413469804034,0.21918836094411379
13848,2011-11-01,0,0.255009235033016,0.1606025779188984
13849,2011-11-01,0,0.22910250632496498,0.265022666651268
13851,2011-11-01,0,0.37895539059992145,0.21798350607794537
13853,2011-11-01,0,0.22842790729811158,0.2423228272575262
13854,2011-11-01,1,0.4895914899521857,0.5990437118936546
13858,2011-11-01,0,0.2262220045482355,0.24261535012012436
13860,2011-11-01,1,0.3815432168532813,0.5540596198077896
13862,2011-11-01,1,0.3767217181775828,0.2716736508025093
13865,2011-11-01,0,0.2259738319618282,0.23872702369217152
13866,2011-11-01,0,0.2538697793794492,0.1943400092271119
13867,2011-11-01,1,0.25735353182270126,0.194103152756372
13869,2011-11-01,0,0.24085027841655782,0.12387475166866997
13870,2011-11-01,0,0.42845252247282095,0.5069094667847645
13871,2011-11-01,1,0.5960469178406076,0.6845697219079748
13873,2011-11-01,0,0.23214522898956524,0.12749092524547154
13875,2011-11-01,0,0.2271320492163934,0.2565768596075736
13876,2011-11-01,0,0.22577138718677647,0.22235270269339724
13877,2011-11-01,0,0.25374994515896876,0.17061697261715128
13878,2011-11-01,0,0.22916438132976924,0.25310355491045744
13880,2011-11-01,1,0.43300224166554135,0.6746457833026606
13881,2011-11-01,1,0.6401053500411231,0.7657797987765215
13882,2011-11-01,1,0.28921256599512635,0.43319799985842755
13884,2011-11-01,0,0.2564638764292103,0.1654284514194062
13886,2011-11-01,0,0.2549211343477501,0.20120902067746052
13888,2011-11-01,0,0.23313942560189882,0.1274942876806862
13889,2011-11-01,0,0.2565123176103219,0.1603623113732999
13890,2011-11-01,1,0.3985317923556956,0.29561777539970363
13892,2011-11-01,1,0.26746056195368006,0.41271060018317446
13895,2011-11-01,1,0.22860364096608554,0.2139271643296622
13897,2011-11-01,0,0.22692883379675788,0.2699795382908779
13901,2011-11-01,0,0.37602805776319703,0.2733520321223486
13908,2011-11-01,0,0.42214038547636246,0.23950919358272815
13911,2011-11-01,0,0.22600465572320683,0.24253169896444068
13917,2011-11-01,0,0.2266481035278176,0.27359591905089164
13918,2011-11-01,0,0.22770019344234094,0.27406519144732194
13919,2011-11-01,0,0.41719575392083086,0.26349782873362265
13923,2011-11-01,0,0.22691904492528137,0.2570659564582667
13924,2011-11-01,1,0.34788554275882966,0.3993311350105209
13925,2011-11-01,0,0.39683558840378275,0.4119467554215829
13927,2011-11-01,0,0.2562004336632777,0.1940671264141622
13928,2011-11-01,1,0.2321462313270446,0.1415685820684234
13930,2011-11-01,0,0.22629433475224037,0.24165444564889615
13931,2011-11-01,0,0.26126004812416737,0.15594492737435722
13933,2011-11-01,0,0.23273622645415393,0.13815928666190838
13939,2011-11-01,1,0.23281408065027653,0.13920232749869615
13940,2011-11-01,1,0.38619647239951815,0.26791181580894247
13941,2011-11-01,1,0.26170178375523023,0.16529461645910898
13946,2011-11-01,0,0.25328618591748375,0.18354580387813385
13947,2011-11-01,0,0.22607363619337173,0.2170798579601233
13949,2011-11-01,1,0.5536669573219779,0.6550422682010137
13950,2011-11-01,1,0.25383445173024366,0.19662522348306538
13953,2011-11-01,0,0.41882311444215936,0.2784892975797851
13954,2011-11-01,0,0.25418530525655625,0.2034148033773004
13956,2011-11-01,0,0.22616015999733796,0.2536870053270824
13959,2011-11-01,0,0.2563238398366223,0.18367604971785345
13960,2011-11-01,1,0.25350407990022716,0.20114502462262462
13969,2011-11-01,1,0.6008083794004957,0.5498011520764342
13971,2011-11-01,1,0.42572731980214873,0.47435703298605125
13972,2011-11-01,0,0.25345520790366194,0.20352163490913938
13974,2011-11-01,0,0.2274098589724175,0.2744949587600081
13975,2011-11-01,1,0.23463045822126272,0.11945951416281864
13978,2011-11-01,1,0.22646782971558355,0.29413985116353686
13979,2011-11-01,0,0.2619259708671382,0.19649666610849473
13980,2011-11-01,0,0.22609103462700209,0.23206877037007503
13982,2011-11-01,0,0.22806100351200442,0.32992016249041667
13983,2011-11-01,1,0.46127271992747854,0.553637137739704
13984,2011-11-01,1,0.23178607210094826,0.12121475267924219
13985,2011-11-01,1,0.7494173066803977,0.7139907638189772
13988,2011-11-01,1,0.35719204880020583,0.39992618500495897
13989,2011-11-01,0,0.2267490818285992,0.21650197283587838
13991,2011-11-01,1,0.3290855933595078,0.3756748022910591
13993,2011-11-01,0,0.536586892624215,0.6327719533430634
13994,2011-11-01,0,0.5727145683082542,0.6164711104986181
13995,2011-11-01,1,0.40811220688790784,0.2756575598445041
13999,2011-11-01,1,0.4633757512417148,0.45518867801190177
14001,2011-11-01,0,0.22723739583322067,0.2931478328404204
14004,2011-11-01,0,0.716110278541425,0.6416415187139703
14005,2011-11-01,1,0.2554396348401442,0.19179071097527628
14006,2011-11-01,0,0.2327683873036157,0.13146543953152218
14013,2011-11-01,0,0.2327107086602137,0.13707580006087905
14014,2011-11-01,0,0.2575946674315942,0.1876456641014982
14015,2011-11-01,0,0.2281493011871628,0.26068591261831164
14019,2011-11-01,0,0.4172694098937675,0.31881346123801907
14020,2011-11-01,1,0.2558691192650725,0.1671883697247491
14024,2011-11-01,0,0.2601534609085725,0.15350466108075317
14027,2011-11-01,0,0.2262394863799856,0.23145648416389725
14029,2011-11-01,0,0.22661063672069193,0.22289843796736944
14030,2011-11-01,1,0.3631223515345432,0.2325759963513833
14031,2011-11-01,1,0.6452964893562498,0.6424408936585843
14032,2011-11-01,1,0.2557220272109927,0.16882659677005812
14035,2011-11-01,1,0.4111565118270517,0.2980092774629706
14038,2011-11-01,0,0.25763485564561783,0.18558935711072255
14040,2011-11-01,0,0.6309085659872244,0.6705224883172332
14044,2011-11-01,1,0.2340218336576163,0.14537495679540552
14045,2011-11-01,0,0.2321186817748021,0.13822569740763957
14047,2011-11-01,0,0.254217389868737,0.19655449591666033
14050,2011-11-01,1,0.23420878512318266,0.14164580347423458
14051,2011-11-01,1,0.6320812617385543,0.6822353861385975
14053,2011-11-01,0,0.2322656889038216,0.12298871945983732
14054,2011-11-01,0,0.22636091203722897,0.21721154186855168
14055,2011-11-01,0,0.23336698348450502,0.14171063509883652
14056,2011-11-01,1,0.7482049024162354,0.7662260303372664
14057,2011-11-01,1,0.556748760071585,0.7295459048271726
14060,2011-11-01,1,0.5388024014029564,0.6005980692365491
14062,2011-11-01,1,0.4829993941242259,0.4577264567214234
14064,2011-11-01,1,0.23311433745514387,0.13393724144235658
14067,2011-11-01,0,0.3578833398979945,0.30480435327135774
14071,2011-11-01,1,0.2562270815269,0.5243880769119917
14077,2011-11-01,0,0.36986306106670586,0.382497918146762
14078,2011-11-01,0,0.23258964761893464,0.14781107142137911
14079,2011-11-01,0,0.2326522486344087,0.12290306435636349
14083,2011-11-01,0,0.2310173729806494,0.12121536036281359
14085,2011-11-01,1,0.2244069396774333,0.5255074058175473
14088,2011-11-01,1,0.4740125317715431,0.25559578189611215
14089,2011-11-01,0,0.2264245124984804,0.24535623079606747
14092,2011-11-01,1,0.3262575124852509,0.2932218862721003
14096,2011-11-01,1,0.9745739840336726,0.9603679252009862
14099,2011-11-01,1,0.5151987169428922,0.4507360967760816
14101,2011-11-01,0,0.2607273703089147,0.19639394234922697
14102,2011-11-01,1,0.2270836885411025,0.29896743436620143
14107,2011-11-01,0,0.3973082969689562,0.3194257414313492
14108,2011-11-01,1,0.23287652095804823,0.14777125967454016
14109,2011-11-01,0,0.2540891033360063,0.19851841434992681
14110,2011-11-01,1,0.6903322721325187,0.6644128806130574
14111,2011-11-01,1,0.30215097784785516,0.2259801236238461
14112,2011-11-01,1,0.225184772814638,0.579812184640353
14113,2011-11-01,1,0.2567191614157398,0.18586023170852686
14116,2011-11-01,1,0.49020896455199614,0.44031074372004086
14121,2011-11-01,1,0.2269032618934934,0.23494936003783742
14124,2011-11-01,0,0.25479671343144394,0.17399644801817368
14125,2011-11-01,1,0.26639423631566517,0.18576555001661696
14127,2011-11-01,0,0.2327038156100648,0.12467716007108517
14128,2011-11-01,0,0.22705631291934614,0.23185757596446888
14129,2011-11-01,1,0.2826704772579296,0.21704736922280277
14132,2011-11-01,1,0.580094823723816,0.5410252784977366
14135,2011-11-01,1,0.3593231538418711,0.2717462588957858
14138,2011-11-01,0,0.22785597460217222,0.22226200988137038
14139,2011-11-01,0,0.22716867159120302,0.2886673266821806
14141,2011-11-01,0,0.44372193898612466,0.48627699151641596
14145,2011-11-01,0,0.2277586443764935,0.2883729116393978
14146,2011-11-01,0,0.28942174766853446,0.2732731115641154
14147,2011-11-01,0,0.25439721211016064,0.18598087654453568
14152,2011-11-01,0,0.2559110410408766,0.19192078285343545
14156,2011-11-01,1,0.9999548172044493,0.9801916788458155
14158,2011-11-01,0,0.22748203905812836,0.32306729947891705
14159,2011-11-01,1,0.5609056984489669,0.6513125629118893
14163,2011-11-01,0,0.2589671848077604,0.16885853171797946
14164,2011-11-01,0,0.3436540230849452,0.31928927236253757
14167,2011-11-01,0,0.22607399709749532,0.3293897910164368
14171,2011-11-01,0,0.2572947720826999,0.15208317910258168
14173,2011-11-01,1,0.22589971630492345,0.2937502183745955
14175,2011-11-01,0,0.23232408807873206,0.2351247358353503
14177,2011-11-01,0,0.3643098119793392,0.4614343517850025
14178,2011-11-01,1,0.4927914473066217,0.5173573573449003
14179,2011-11-01,0,0.2709878795061199,0.4992686714164498
14180,2011-11-01,1,0.558296704237576,0.5585153466564102
14184,2011-11-01,0,0.2269189985575304,0.21406073270563225
14188,2011-11-01,1,0.38214876189874525,0.271549342433206
14189,2011-11-01,1,0.5375890151435936,0.46971635628330716
14191,2011-11-01,1,0.5837558667800373,0.5633347991757174
14193,2011-11-01,0,0.22714579562245552,0.21099549822255653
14194,2011-11-01,1,0.7431461999397748,0.8485523635555873
14196,2011-11-01,0,0.23241944502987644,0.14147901167393973
14198,2011-11-01,1,0.2538847533104168,0.1702986754703318
14201,2011-11-01,0,0.32240661394688586,0.34560965849864084
14208,2011-11-01,0,0.2539477365738121,0.15757053241375957
14209,2011-11-01,1,0.2328023689454275,0.12581402631517064
14210,2011-11-01,0,0.23276112497574353,0.1427932520876993
14211,2011-11-01,0,0.5047341865340556,0.6413274103991264
14212,2011-11-01,0,0.26179638600299093,0.16534562949730086
14214,2011-11-01,1,0.2260775229526496,0.26950308947356977
14215,2011-11-01,1,0.255417012492817,0.1874205951834682
14217,2011-11-01,1,0.5754425651987745,0.7281006259135808
14218,2011-11-01,0,0.22659267490549972,0.3095734045081244
14221,2011-11-01,0,0.5432317425564785,0.4703739647088801
14223,2011-11-01,0,0.25585800799725744,0.16064536782269304
14224,2011-11-01,0,0.23242961751957913,0.13700039275759301
14226,2011-11-01,1,0.25452640255177683,0.20350612007135946
14227,2011-11-01,1,0.28498562318183274,0.25513366541441607
14229,2011-11-01,0,0.2276018879133337,0.26485778878171023
14232,2011-11-01,0,0.4504145680134898,0.2847327477097231
14233,2011-11-01,0,0.22723835867895914,0.27472621122773394
14234,2011-11-01,1,0.2724927503184491,0.4609621262062899
14235,2011-11-01,0,0.2555260807360633,0.19207863815113385
14236,2011-11-01,0,0.2554771620874139,0.1811973559076302
14239,2011-11-01,0,0.5554102088668889,0.6358937517962926
14243,2011-11-01,1,0.25573186490073363,0.1561245559998699
14246,2011-11-01,0,0.23378932406848263,0.13692739708699123
14250,2011-11-01,0,0.26566271656503293,0.1654125612917847
14251,2011-11-01,1,0.22926158905648497,0.2420971658645916
14257,2011-11-01,0,0.41219716891250713,0.2571631047861107
14258,2011-11-01,1,0.27026865626568586,0.16520626886755918
14261,2011-11-01,0,0.3502267920096799,0.36901347877760166
14262,2011-11-01,1,0.4773432402800646,0.4835588666414988
14265,2011-11-01,0,0.23195105513853642,0.1381347941217831
14272,2011-11-01,0,0.2557064078596196,0.19616961173890282
14273,2011-11-01,0,0.22634708808667914,0.26543873436867943
14276,2011-11-01,0,0.25680484307267537,0.15168362054250634
14282,2011-11-01,1,0.41856030019868484,0.4381801907913016
14284,2011-11-01,1,0.2546957370281572,0.17041789666445864
14285,2011-11-01,1,0.2637689347638653,0.19180447486933508
14286,2011-11-01,1,0.227989035870795,0.29269589933938456
14290,2011-11-01,1,0.37978532295934786,0.5705019645282661
14291,2011-11-01,0,0.4627819792385529,0.44572206350784277
14292,2011-11-01,0,0.42979073013064883,0.5537902613905672
14295,2011-11-01,0,0.2263277262598704,0.32325318929983604
14297,2011-11-01,1,0.2636010102361742,0.4305146635345915
14298,2011-11-01,1,0.777277179690144,0.7783592259939848
14299,2011-11-01,1,0.46321164327865816,0.48069693595709573
14301,2011-11-01,0,0.23400984961531335,0.1296833893360113
14305,2011-11-01,0,0.40259037447074075,0.2651946096888208
14306,2011-11-01,0,0.37739691680116516,0.3472171747884163
14307,2011-11-01,0,0.2857358617470116,0.24263931238680322
14309,2011-11-01,1,0.2559112947358243,0.1590688754990704
14312,2011-11-01,0,0.3932107781191764,0.3365773167882089
14314,2011-11-01,0,0.23222487744082443,0.1414906162274417
14315,2011-11-01,0,0.22840105518002285,0.29881669943503075
14317,2011-11-01,0,0.22735279867881852,0.2194671430610489
14321,2011-11-01,1,0.39767941494439174,0.2585490279828037
14323,2011-11-01,0,0.23283416672507684,0.13258930728686447
14329,2011-11-01,1,0.4111306317153911,0.2943968263479873
14331,2011-11-01,0,0.23146253295025132,0.12294493911741984
14332,2011-11-01,1,0.2270848111583511,0.2141982935024248
14333,2011-11-01,0,0.22603296642868642,0.21111424823599242
14334,2011-11-01,1,0.3556606983899796,0.224993005841932
14335,2011-11-01,1,0.2567226628321766,0.15468022916159735
14341,2011-11-01,0,0.22560314332511788,0.5252995254954086
14344,2011-11-01,0,0.2322806609632534,0.12032262909779709
14346,2011-11-01,0,0.234781639018094,0.12651598765385672
14356,2011-11-01,0,0.3109745286294632,0.2822261227715693
14357,2011-11-01,0,0.2272746840656541,0.3053520029169265
14359,2011-11-01,1,0.396415305514369,0.35102808252195666
14360,2011-11-01,1,0.3673925145372188,0.5117559233948334
14364,2011-11-01,0,0.23256226747028297,0.1391606229596506
14367,2011-11-01,1,0.43608261821916283,0.559249906530871
14379,2011-11-01,0,0.22693134658497482,0.2998637536720729
14381,2011-11-01,0,0.22768262396419092,0.2619109736901735
14383,2011-11-01,1,0.22773237055264084,0.21974060417161212
14387,2011-11-01,1,0.3767931602637181,0.26765564170368383
14388,2011-11-01,1,0.36350444343471877,0.22912716985716106
14389,2011-11-01,0,0.22785793505256668,0.21714862789300138
14390,2011-11-01,1,0.22890977098543475,0.24570422036447614
14395,2011-11-01,0,0.3248527037557497,0.3511256095211408
14396,2011-11-01,0,0.22760101518347886,0.21725088184633895
14397,2011-11-01,1,0.7969477464572182,0.7725457693718726
14401,2011-11-01,1,0.5892348985237199,0.6101663298126618
14404,2011-11-01,1,0.23282306326842106,0.13917265053916567
14406,2011-11-01,0,0.23207790580305265,0.12776453581339575
14407,2011-11-01,0,0.27327382436845327,0.19226563504404787
14408,2011-11-01,1,0.25521172889002275,0.1574892655327608
14409,2011-11-01,0,0.4237380655315294,0.252578524281118
14410,2011-11-01,0,0.28169207265837837,0.22839592454556934
14412,2011-11-01,0,0.3543546793223342,0.4009899960874865
14414,2011-11-01,0,0.41263551550463384,0.5223029129441552
14415,2011-11-01,1,0.6416257389147043,0.5605996053903526
14416,2011-11-01,1,0.2265771841763745,0.31083436164413375
14418,2011-11-01,1,0.23267342533501723,0.13946355075520098
14419,2011-11-01,1,0.30666055729598884,0.3629589583636985
14420,2011-11-01,0,0.23371547483055932,0.15079464029555978
14421,2011-11-01,0,0.22671800382346818,0.2421903220505801
14422,2011-11-01,1,0.3285388648351396,0.3895164864781582
14427,2011-11-01,0,0.2726076801098687,0.42132831912074425
14428,2011-11-01,1,0.2539988616151547,0.18365362855933712
14432,2011-11-01,1,0.4418273737451447,0.5466576251971278
14434,2011-11-01,1,0.39865237209276616,0.7366696129708793
14436,2011-11-01,0,0.25358054855001044,0.15171031926319684
14440,2011-11-01,0,0.35201168667099725,0.4019075434322589
14441,2011-11-01,0,0.41671262060605707,0.3311090297066487
14443,2011-11-01,0,0.22741597636124655,0.25667066328319477
14446,2011-11-01,1,0.25820165648891635,0.1814732305319224
14447,2011-11-01,1,0.22425775456742747,0.475391015100204
14449,2011-11-01,1,0.22851272541793277,0.2197990050175443
14451,2011-11-01,0,0.22770017297205003,0.23207776602353472
14452,2011-11-01,1,0.25429645770765497,0.15898709488560045
14456,2011-11-01,1,0.4955639911258988,0.5500096556378891
14460,2011-11-01,0,0.2323260081296138,0.13704313924527928
14462,2011-11-01,0,0.4775682884720478,0.44143441213620366
14463,2011-11-01,0,0.253205366600041,0.15200367262163905
14466,2011-11-01,1,0.3963837246361611,0.26003663078275663
14467,2011-11-01,1,0.22673722118424622,0.2887550692111246
14472,2011-11-01,0,0.23252750436502,0.14518438684940807
14473,2011-11-01,0,0.25383030560522335,0.1943651407950462
14474,2011-11-01,0,0.2270614364645246,0.288639260613366
14475,2011-11-01,0,0.25564599901115714,0.20095496330235788
14477,2011-11-01,1,0.226430242053417,0.26958542888257464
14482,2011-11-01,1,0.38958423537070974,0.3178007302086606
14484,2011-11-01,0,0.22686938409974544,0.26992141731026564
14487,2011-11-01,1,0.5143649992893202,0.6743012408028445
14488,2011-11-01,0,0.228896822894038,0.21098808083292975
14493,2011-11-01,1,0.2270375383108303,0.2880127415922462
14495,2011-11-01,0,0.4424351729848218,0.2694346165802289
14498,2011-11-01,0,0.457698500671358,0.2829313184363552
14500,2011-11-01,0,0.3357660924195671,0.24164634474148633
14502,2011-11-01,1,0.22969654051652866,0.20894266323385785
14503,2011-11-01,1,0.2597961297876713,0.20384108145677582
14504,2011-11-01,0,0.22623249890921449,0.28419917505332715
14505,2011-11-01,1,0.2381218630923494,0.1381869500157584
14506,2011-11-01,1,0.23017234392019792,0.21428818667982294
14507,2011-11-01,1,0.4117016823829396,0.316365687431652
14508,2011-11-01,1,0.25408590881605486,0.16525949256964603
14511,2011-11-01,1,0.3401675452097851,0.3096928752783824
14513,2011-11-01,0,0.2323574126797947,0.1490790347180032
14514,2011-11-01,0,0.22765582709962384,0.22920629662816283
14515,2011-11-01,1,0.22779619724798883,0.21405118651084248
14518,2011-11-01,0,0.226286111073415,0.21994817040839035
14522,2011-11-01,1,0.3614839514173369,0.298323394805126
14523,2011-11-01,0,0.23248749953139314,0.13926653737458314
14524,2011-11-01,1,0.3149852898877634,0.5593545625354833
14525,2011-11-01,1,0.526287417367919,0.45097866074695325
14527,2011-11-01,1,0.9810603573491735,0.9397287780602063
14529,2011-11-01,0,0.4681839249752898,0.4713553001088228
14530,2011-11-01,1,0.38032975977783934,0.2208363434486134
14533,2011-11-01,1,0.5588690469106083,0.6762097809187642
14534,2011-11-01,1,0.47835248970008726,0.44452429876641053
14535,2011-11-01,0,0.443416141574002,0.25384897191743444
14537,2011-11-01,0,0.22676241093026184,0.24182302329478836
14538,2011-11-01,0,0.2266937265503225,0.21944103947903684
14539,2011-11-01,1,0.22615707258602835,0.2988054006087205
14540,2011-11-01,1,0.25786888589575174,0.19189016169075987
14541,2011-11-01,0,0.2258760059548186,0.23824452617437936
14543,2011-11-01,1,0.47962010091247564,0.4217146221212707
14546,2011-11-01,0,0.37859171837765004,0.38588344436030636
14547,2011-11-01,1,0.22840331932169744,0.2534688997018331
14550,2011-11-01,1,0.22719832612513813,0.2988468339299495
14554,2011-11-01,1,0.2276235982170638,0.2612054194900159
14555,2011-11-01,0,0.22589902778004634,0.24263257969533317
14557,2011-11-01,0,0.2601233463102707,0.17237321668226527
14560,2011-11-01,1,0.6525618577199528,0.8186458532221869
14561,2011-11-01,0,0.2578972596866852,0.19189781605696787
14562,2011-11-01,1,0.818682024577392,0.7703437020022411
14565,2011-11-01,0,0.3278681942090963,0.2252284153684533
14566,2011-11-01,0,0.23711405573794708,0.1368924799926548
14567,2011-11-01,0,0.2278854556708908,0.24531343182105483
14572,2011-11-01,0,0.4479676610715809,0.29606686526696535
14582,2011-11-01,0,0.2259583926677824,0.32222032300373876
14585,2011-11-01,0,0.22690328700758233,0.2699887176238359
14592,2011-11-01,1,0.26087056374486806,0.40153844522528803
14595,2011-11-01,1,0.39219410565428614,0.5550406762442749
14598,2011-11-01,0,0.22755280696925906,0.29909190833175403
14606,2011-11-01,1,0.9996029811088009,0.9814302510205104
14607,2011-11-01,1,0.21715959336293855,0.976073208665671
14608,2011-11-01,1,0.2577761063664592,0.17207532256705027
14609,2011-11-01,0,0.2533618912152408,0.19877450183722417
14623,2011-11-01,1,0.45040784859369953,0.2823103520554686
14624,2011-11-01,0,0.24509393610706443,0.4117812150528847
14626,2011-11-01,1,0.40869747106996557,0.2581538619674284
14628,2011-11-01,0,0.25554953206982745,0.16228855836775372
14629,2011-11-01,0,0.22878877693306443,0.28424335934930395
14631,2011-11-01,0,0.2269125688004182,0.2693903373437809
14638,2011-11-01,0,0.2268420570956936,0.2691864094713672
14639,2011-11-01,0,0.4672532324666895,0.5663467939865752
14640,2011-11-01,1,0.43847627737650763,0.25425194768319986
14642,2011-11-01,0,0.2256854448073946,0.238386929995701
14644,2011-11-01,0,0.22706148681338023,0.21087688325036374
14646,2011-11-01,1,0.9998113963961498,0.9941688442233189
14649,2011-11-01,0,0.2566658818846441,0.19905103564426138
14651,2011-11-01,0,0.2273666395360755,0.21169882988271277
14652,2011-11-01,0,0.25423379727427453,0.18773789498039628
14653,2011-11-01,1,0.30690906226828985,0.4250897229869293
14655,2011-11-01,1,0.25639297394597005,0.20314306698390655
14658,2011-11-01,0,0.23148821541304476,0.1296896525975125
14659,2011-11-01,1,0.25759713583285637,0.18551497037849207
14660,2011-11-01,0,0.3151641257867882,0.2532490687499103
14665,2011-11-01,0,0.34911003423628106,0.32407151534253587
14667,2011-11-01,1,0.5762495195286463,0.535016436220255
14676,2011-11-01,1,0.2568697445171514,0.1852679236780341
14680,2011-11-01,1,0.5456040992221209,0.43586610759671424
14681,2011-11-01,0,0.27986113754366304,0.3244387326393852
14684,2011-11-01,1,0.38714708338945747,0.3720269878863111
14687,2011-11-01,0,0.23389414850756385,0.1415569646647593
14688,2011-11-01,0,0.5409780480679911,0.6628270322515457
14690,2011-11-01,0,0.22659851765999284,0.2996211658964829
14691,2011-11-01,1,0.4276483272894436,0.500157536545104
14696,2011-11-01,0,0.4171604312033014,0.25679238519136
14698,2011-11-01,1,0.2509449161953323,0.4836176172744118
14702,2011-11-01,1,0.6692562796420327,0.6736974766942742
14704,2011-11-01,1,0.48516478623947834,0.7070051344645077
14709,2011-11-01,1,0.4802715301999039,0.4583555511815076
14710,2011-11-01,1,0.2855284489235522,0.46171753625988105
14711,2011-11-01,1,0.3247008774944953,0.23663681874660955
14712,2011-11-01,1,0.3814969883880528,0.26218757810868265
14713,2011-11-01,1,0.32761631815895054,0.21271598959325738
14715,2011-11-01,1,0.2563177168163946,0.15752320220188962
14716,2011-11-01,0,0.2268133519903308,0.30561212076719657
14719,2011-11-01,1,0.22765678907913767,0.2319339204048933
14720,2011-11-01,0,0.3807473318157154,0.22798020231812813
14723,2011-11-01,1,0.22753000486008568,0.32308941763359345
14730,2011-11-01,0,0.36861132521255313,0.4762104607308941
14731,2011-11-01,0,0.22642812971148285,0.2841787870445127
14732,2011-11-01,1,0.2555295322524749,0.16718489111692728
14733,2011-11-01,1,0.2323994918977038,0.1369328302427582
14735,2011-11-01,1,0.5103870272899351,0.6361846469338799
14737,2011-11-01,0,0.23362684288545288,0.1193327660124695
14738,2011-11-01,0,0.2915830684182198,0.4347345334945329
14739,2011-11-01,1,0.3504894123018035,0.305865157034316
14741,2011-11-01,1,0.40786770515851156,0.28116887385293343
14744,2011-11-01,1,0.22609594229197383,0.2347765518995547
14745,2011-11-01,0,0.2330331075025085,0.13464934031968603
14748,2011-11-01,1,0.23332654838672806,0.12382082279113438
14752,2011-11-01,0,0.22621004019290314,0.3043004299289107
14753,2011-11-01,0,0.25839456933915494,0.1688254142277559
14754,2011-11-01,0,0.22731189558764797,0.2987978685454242
14755,2011-11-01,1,0.5483103655443196,0.4731783410599843
14757,2011-11-01,0,0.2566406605326462,0.19207710431570407
14759,2011-11-01,0,0.2327933625294044,0.13459833119900996
14761,2011-11-01,0,0.22617751056829882,0.238534262314942
14764,2011-11-01,0,0.22655906746466004,0.28831690234598223
14765,2011-11-01,1,0.2314402637532984,0.13487559770605584
14766,2011-11-01,0,0.2578532721259327,0.18124100244559094
14768,2011-11-01,1,0.2318787782250481,0.12030706387129103
14769,2011-11-01,0,0.3991559221521205,0.2564231764906659
14772,2011-11-01,0,0.23208393481720047,0.13487409181510063
14775,2011-11-01,0,0.22700258469996126,0.2390036285960416
14776,2011-11-01,0,0.432493460621291,0.6125975662155516
14778,2011-11-01,0,0.233174927501546,0.12037773851087148
14780,2011-11-01,0,0.3355738874702142,0.36022076292540517
14790,2011-11-01,1,0.2329036406946975,0.12757638629448115
14792,2011-11-01,0,0.22578872627812085,0.22222287023958265
14796,2011-11-01,1,0.47739231957835027,0.48160150601924906
14798,2011-11-01,0,0.2261153854809116,0.2608455364262418
14799,2011-11-01,0,0.22589482137658112,0.2659599549557505
14800,2011-11-01,0,0.5561940695231495,0.6010697892820631
14801,2011-11-01,0,0.22747234724652543,0.2291164226875317
14805,2011-11-01,1,0.2255160602918006,0.25738475037214176
14806,2011-11-01,0,0.2544603158579478,0.19216303718744326
14808,2011-11-01,0,0.3679852110017071,0.3976870492218539
14810,2011-11-01,0,0.42269609580343526,0.3111871257092612
14815,2011-11-01,1,0.22789603166949823,0.2112219822757013
14818,2011-11-01,0,0.25518560081129815,0.19625447600972323
14819,2011-11-01,0,0.22606385196840306,0.21982318008058094
14820,2011-11-01,1,0.25355232466966293,0.1919667330934349
14824,2011-11-01,1,0.3583890016116139,0.2957502551725685
14825,2011-11-01,1,0.5139536120909368,0.42643244306099815
14830,2011-11-01,0,0.2272253597799747,0.2573875260251981
14834,2011-11-01,1,0.5055800974201079,0.4457715614541689
14837,2011-11-01,0,0.3200846785263073,0.24297072853805546
14841,2011-11-01,0,0.25703531372196164,0.4275273054239053
14842,2011-11-01,0,0.4173162076748588,0.32897010748691635
14844,2011-11-01,0,0.41032253904333793,0.25759034599265423
14849,2011-11-01,1,0.5414656277249505,0.7223572269483638
14852,2011-11-01,0,0.37670017192075655,0.3116928911832207
14854,2011-11-01,0,0.25652683956759725,0.18588032821817801
14855,2011-11-01,0,0.23241944129913128,0.1276484782125727
14856,2011-11-01,1,0.2290492762421077,0.2451976988896833
14857,2011-11-01,0,0.2278734085307298,0.23477424953372933
14859,2011-11-01,1,0.25890502953989014,0.18153343438359712
14861,2011-11-01,0,0.2260890176089202,0.26117682036866213
14866,2011-11-01,1,0.6526628283814246,0.7067760340613609
14868,2011-11-01,1,0.4174018015309622,0.2553323970945177
14869,2011-11-01,0,0.23398306553657744,0.14545377915086885
14875,2011-11-01,0,0.2361888471032063,0.14038931073168473
14878,2011-11-01,1,0.2541179289400026,0.17760386067958706
14880,2011-11-01,0,0.25588667593850944,0.1876807888942278
14883,2011-11-01,1,0.39168956780578623,0.6185696980625225
14887,2011-11-01,0,0.26932713417978627,0.1837124958752298
14894,2011-11-01,0,0.2591096431038761,0.17222906390138204
14895,2011-11-01,1,0.6890310133058215,0.8589832772099476
14897,2011-11-01,0,0.36524444957286106,0.3382935113580075
14901,2011-11-01,1,0.5428594179746642,0.5475810155777181
14903,2011-11-01,1,0.2357445340694787,0.12292306067136635
14907,2011-11-01,1,0.23466812984607854,0.1507136585771753
14908,2011-11-01,0,0.2549564793837097,0.19415486631454515
14910,2011-11-01,1,0.22644811585432312,0.25290789248362533
14911,2011-11-01,1,1.0,0.999505045034535
14915,2011-11-01,0,0.2535880553833605,0.16219686802569366
14916,2011-11-01,0,0.3684994683861428,0.29837309106466736
14918,2011-11-01,0,0.23503498292903757,0.13155919975576244
14923,2011-11-01,0,0.22826363763316115,0.2694939438197352
14930,2011-11-01,0,0.23901566157351684,0.17810465636570283
14931,2011-11-01,1,0.2554236649073923,0.19408435471961621
14934,2011-11-01,0,0.2633332844032352,0.1793310428749257
14936,2011-11-01,1,0.36820077238634075,0.5929563554319491
14937,2011-11-01,0,0.22454425297810665,0.4245366361429884
14944,2011-11-01,1,0.4108142511338535,0.49317712691084825
14947,2011-11-01,0,0.25305649165323196,0.19906092622444166
14948,2011-11-01,1,0.4610055614348122,0.4654257284863665
14951,2011-11-01,0,0.25584062650582606,0.18368866404532241
14952,2011-11-01,0,0.44250748689011365,0.6639187720201513
14959,2011-11-01,0,0.36483406258918394,0.2795252197659697
14961,2011-11-01,1,0.34932794970208525,0.27331764186981045
14963,2011-11-01,1,0.227121402091774,0.24197715082910617
14965,2011-11-01,0,0.2862662910604602,0.21417126428097602
14967,2011-11-01,0,0.2265047449271761,0.2738161779397025
14970,2011-11-01,0,0.22668997785263723,0.2088118426982692
14971,2011-11-01,1,0.22932379780800627,0.3046840952465964
14972,2011-11-01,0,0.2319596401623426,0.11950379219937356
14973,2011-11-01,0,0.22778962811740688,0.14056171032415268
14975,2011-11-01,0,0.22661835390300766,0.24229827814363603
14976,2011-11-01,0,0.366201150924097,0.6225350400855006
14978,2011-11-01,0,0.256840990512222,0.1987958725837118
14997,2011-11-01,0,0.3837117695013269,0.3449710600762495
15000,2011-11-01,0,0.22863044055544834,0.28332518659341444
15002,2011-11-01,0,0.23428542500851302,0.13151194500536742
15005,2011-11-01,1,0.8561124906203332,0.8172901812827574
15006,2011-11-01,0,0.22978563741942593,0.26575832692835394
15012,2011-11-01,0,0.22786945361102595,0.2570355052694569
15014,2011-11-01,0,0.22689783543313624,0.30623668335418885
15021,2011-11-01,1,0.2572921619805266,0.17042753804082764
15022,2011-11-01,1,0.22726596216415984,0.2841550048192103
15023,2011-11-01,0,0.5213080723569263,0.46244045156152014
15024,2011-11-01,1,0.3990159764449651,0.46415614629386626
15026,2011-11-01,0,0.2556849787386266,0.18157861370347958
15028,2011-11-01,0,0.22454230750506698,0.555279818854126
15030,2011-11-01,0,0.25550631954238,0.20096168494197425
15031,2011-11-01,1,0.23217616771272664,0.13710225122150868
15033,2011-11-01,1,0.5944811061011899,0.5616927067622964
15034,2011-11-01,1,0.2608413357809757,0.20370454526001366
15035,2011-11-01,0,0.2554370247932376,0.1652357075016339
15036,2011-11-01,0,0.2562974873193312,0.19905103564426138
15038,2011-11-01,0,0.2654251559304597,0.38200314157422605
15039,2011-11-01,1,0.7904670586005549,0.8485300569990869
15044,2011-11-01,1,0.4181490040483983,0.6086097099330933
15046,2011-11-01,1,0.6307325671936885,0.5489172366176747
15048,2011-11-01,0,0.38325917355415173,0.2667912429468971
15050,2011-11-01,1,0.2908716667343233,0.3239644691954714
15051,2011-11-01,1,0.2289750800519358,0.2743684137091745
15054,2011-11-01,1,0.22780884678222002,0.3229125599741757
15058,2011-11-01,1,0.5545904600637368,0.438188056504328
15059,2011-11-01,0,0.45875789329532946,0.6098220379705247
15061,2011-11-01,1,0.7562829671831994,0.8151936001815977
15062,2011-11-01,0,0.2545330476065315,0.2015701890895998
15066,2011-11-01,0,0.22850976213686003,0.25721000707087993
15067,2011-11-01,0,0.2875793826923073,0.2870931374759717
15068,2011-11-01,0,0.22801249507834753,0.28892368819899733
15071,2011-11-01,0,0.25592447166270593,0.15899862292529868
15074,2011-11-01,0,0.23528052144320077,0.14290225936512557
15075,2011-11-01,0,0.2600360902479024,0.18757106793072303
15078,2011-11-01,1,0.7164310744789739,0.8564088436124991
15081,2011-11-01,1,0.3215898002010833,0.3216901951293086
15088,2011-11-01,1,0.22813538101671504,0.2114992578387594
15089,2011-11-01,1,0.6476466222877535,0.5465672422723594
15091,2011-11-01,0,0.22757338040285324,0.21135401509825014
15093,2011-11-01,1,0.23381846562128472,0.13045764967927187
15095,2011-11-01,0,0.23595243609170025,0.1921345857547782
15096,2011-11-01,0,0.2263810318592513,0.3096828107991552
15099,2011-11-01,0,0.2567665552593895,0.17397257559846543
15103,2011-11-01,1,0.25417541979156333,0.17047817329420822
15105,2011-11-01,1,0.3519105251659055,0.5364471495230231
15106,2011-11-01,1,0.22684841638210662,0.2170248737512628
15110,2011-11-01,1,0.48269964031909207,0.26368206297759006
15111,2011-11-01,1,0.2289523372368073,0.21362820200471105
15113,2011-11-01,1,0.23204993993426093,0.2536088742336676
15114,2011-11-01,1,0.5742278575498896,0.5655308363957741
15116,2011-11-01,1,0.22689003187949597,0.24202612195385415
15117,2011-11-01,1,0.4455818528257157,0.2710725712401093
15121,2011-11-01,0,0.2257242408539044,0.2700438070069428
15122,2011-11-01,0,0.23478557532291644,0.13281596171285917
15125,2011-11-01,1,0.3968345425977693,0.46341993278970955
15127,2011-11-01,0,0.2271210256354691,0.21658601297898442
15128,2011-11-01,0,0.4314319370191534,0.25502204596985384
15129,2011-11-01,0,0.5239124088847755,0.433435855102733
15132,2011-11-01,1,0.3778618282590579,0.2947694633135864
15133,2011-11-01,0,0.23293259626210772,0.12021076908902247
15134,2011-11-01,1,0.5828335575992145,0.4325729302146152
15136,2011-11-01,1,0.25874997475896133,0.15485693821793775
15140,2011-11-01,0,0.5255503066222171,0.5806196279819613
15142,2011-11-01,0,0.2273728039380023,0.2885165372943198
15144,2011-11-01,1,0.7371561070614658,0.808419876692524
15145,2011-11-01,0,0.22681795607293542,0.3044490800917254
15150,2011-11-01,1,0.5805951387266625,0.5331938418122357
15152,2011-11-01,1,0.713869577967711,0.7096105266125982
15154,2011-11-01,0,0.2569165984699462,0.19221371254649222
15158,2011-11-01,0,0.22666938231880285,0.29388119150466724
15159,2011-11-01,1,0.627198146715442,0.849040263739004
15164,2011-11-01,0,0.22792600276238195,0.20863223468650777
15172,2011-11-01,0,0.25628751582262277,0.203661376094915
15175,2011-11-01,0,0.25515452243591397,0.20103060794674443
15179,2011-11-01,1,0.22657863941880507,0.25708810739350507
15181,2011-11-01,0,0.22643406538605004,0.21420402908466915
15185,2011-11-01,0,0.2552566183887911,0.2037494608136698
15187,2011-11-01,1,0.5683916161875955,0.7342726255163821
15189,2011-11-01,1,0.8711183990518623,0.8910599359521113
15192,2011-11-01,0,0.23255599829989881,0.12755349568920593
15193,2011-11-01,0,0.2266443202827867,0.231371517235342
15194,2011-11-01,1,0.5077651055824672,0.41984396890625714
15198,2011-11-01,0,0.36112742669048714,0.2254957676076546
15199,2011-11-01,0,0.3661073511846179,0.3145760320327967
15201,2011-11-01,0,0.403227295979684,0.41115267013058493
15203,2011-11-01,1,0.34954153302864666,0.2647239243472831
15205,2011-11-01,0,0.3969508235410537,0.23243558257008382
15206,2011-11-01,1,0.23236817394859322,0.150431847410671
15208,2011-11-01,1,0.22598550772679826,0.22289222118653612
15211,2011-11-01,0,0.2271371066102953,0.2320620240941952
15214,2011-11-01,1,0.30074760835659675,0.3499401577132517
15215,2011-11-01,0,0.4309791592824831,0.5216098036024313
15216,2011-11-01,0,0.25288321750081244,0.16860221279520948
15218,2011-11-01,1,0.5256944064858392,0.5772177145367173
15220,2011-11-01,0,0.42210285197113406,0.279539616901236
15228,2011-11-01,0,0.22899396023959617,0.2142002053286398
15232,2011-11-01,0,0.23304640930345388,0.13386006908166434
15237,2011-11-01,0,0.2551070375018082,0.18574834561444503
15238,2011-11-01,1,0.2562536660401685,0.15626208104979802
15239,2011-11-01,1,0.257472840469552,0.18526934978705242
15240,2011-11-01,0,0.3793344408168553,0.358587086123643
15241,2011-11-01,0,0.4973902505882687,0.42545086312531105
15243,2011-11-01,0,0.25601575375691277,0.19427407006274086
15244,2011-11-01,0,0.22692831317916884,0.21691695109770992
15247,2011-11-01,0,0.23294687008840131,0.12475630100340307
15249,2011-11-01,1,0.610694203118126,0.7015323978818552
15251,2011-11-01,1,0.6876579166115175,0.6424883655166713
15253,2011-11-01,1,0.28371851414797467,0.24311375061432117
15254,2011-11-01,0,0.2330577989761431,0.12036635307007033
15255,2011-11-01,0,0.22875596627297134,0.21406073270563225
15260,2011-11-01,0,0.23224892902579197,0.1492172731373621
15263,2011-11-01,0,0.2323286723042406,0.14147984050720397
15264,2011-11-01,0,0.2271877357997235,0.21983929978114056
15267,2011-11-01,1,0.2792048881439477,0.4620822875902094
15270,2011-11-01,1,0.23311576210373341,0.12947842915365448
15271,2011-11-01,1,0.5887326095623733,0.5801122251707943
15272,2011-11-01,0,0.34776772488248686,0.33668402677861675
15276,2011-11-01,0,0.2272871788062849,0.2145122952517845
15277,2011-11-01,0,0.22665578671579645,0.2879464031475353
15281,2011-11-01,0,0.22627172261448492,0.2381070332508824
15286,2011-11-01,0,0.225926547674821,0.2738224763749939
15287,2011-11-01,1,0.25590246054817256,0.20358371817221435
15288,2011-11-01,0,0.22582931728145383,0.3054898874432312
15290,2011-11-01,1,0.7067203412935952,0.6384992286250716
15291,2011-11-01,1,0.2556525036948277,0.15735161306509696
15296,2011-11-01,0,0.40766217569335483,0.2917427968929526
15297,2011-11-01,1,0.2266179932011555,0.22227025158559072
15298,2011-11-01,1,0.4457261638258597,0.537727102295337
15299,2011-11-01,0,0.22374315154031665,0.3478157602890885
15300,2011-11-01,0,0.22746164491399645,0.2202410491985268
15301,2011-11-01,0,0.5534189454383919,0.5871216858483026
15304,2011-11-01,0,0.3346747551366459,0.3331481471579951
15306,2011-11-01,0,0.3476833518966873,0.31154981805444804
15307,2011-11-01,0,0.25393158865266574,0.1560316623078975
15311,2011-11-01,1,0.9999731093151214,0.9875467119138441
15312,2011-11-01,0,0.3503627136422949,0.2745880254965878
15313,2011-11-01,0,0.23190966111839562,0.1371232638590623
15315,2011-11-01,0,0.3831526576191805,0.2679561017067739
15320,2011-11-01,0,0.2268617883600238,0.29912209987429716
15321,2011-11-01,0,0.2936126366746198,0.328715319640204
15322,2011-11-01,0,0.25969503187922016,0.17191327150645774
15325,2011-11-01,0,0.2333821113414254,0.1452315454566993
15327,2011-11-01,0,0.22609592991361716,0.26100821539458463
15329,2011-11-01,0,0.2263638260856884,0.32969857520746854
15330,2011-11-01,1,0.22632109896417818,0.23192493605915682
15335,2011-11-01,0,0.22693920459146266,0.2571130318435784
15339,2011-11-01,0,0.22743831531641268,0.21407600840945518
15341,2011-11-01,0,0.2719910557409656,0.1812341812769505
15343,2011-11-01,0,0.2557206393346102,0.1687604000761332
15344,2011-11-01,1,0.2551301743294164,0.1943305865803575
15345,2011-11-01,0,0.22625090755465127,0.2933543901343332
15348,2011-11-01,0,0.25426846568884165,0.19881231477771355
15351,2011-11-01,1,0.41756345730140343,0.7044213324927857
15355,2011-11-01,1,0.22558140488664058,0.25753472294703383
15356,2011-11-01,1,0.37190001090333835,0.27778276521261897
15358,2011-11-01,1,0.6586764358758692,0.6591068943282712
15360,2011-11-01,0,0.22703425050397463,0.32804187425137354
15364,2011-11-01,0,0.2585037677784323,0.15591872427258555
15365,2011-11-01,1,0.39374390226391853,0.4783032851432758
15366,2011-11-01,0,0.25770193910182304,0.19211545761925317
15367,2011-11-01,0,0.22441690911458623,0.41725149662144345
15370,2011-11-01,0,0.39631116677714706,0.6273088254035353
15373,2011-11-01,1,0.23539214912351403,0.16065702046494434
15374,2011-11-01,0,0.2317344310544942,0.11932982159116295
15376,2011-11-01,0,0.46517180217552545,0.2822257500369429
15380,2011-11-01,0,0.3784358739674917,0.3507805882148482
15382,2011-11-01,1,0.27977712552993017,0.17368912462947275
15385,2011-11-01,0,0.22657324519278077,0.32308056999617907
15392,2011-11-01,1,0.25618442328354174,0.16680544019941873
15394,2011-11-01,1,0.25687317552995015,0.1857813235422573
15396,2011-11-01,0,0.2326692084816092,0.1346876226427695
15398,2011-11-01,1,0.2593125658152491,0.18570248291608826
15399,2011-11-01,1,0.2556613951905563,0.18374755401251008
15400,2011-11-01,0,0.4156415573800588,0.4012930820158462
15410,2011-11-01,0,0.31722187872400887,0.2598440149621835
15411,2011-11-01,1,0.4398400417593248,0.25063723501425905
15416,2011-11-01,0,0.2286324673830411,0.21933468222126282
15417,2011-11-01,0,0.2581027999659956,0.17234609248197533
15421,2011-11-01,0,0.22662616706116656,0.23813072743079783
15427,2011-11-01,1,0.228288462205404,0.2839513242250553
15429,2011-11-01,1,0.2558731825268057,0.19199431389701654
15434,2011-11-01,1,0.23614335814812748,0.18142782040440705
15436,2011-11-01,1,0.2286111070255913,0.28426375684596
15440,2011-11-01,0,0.22681143501157974,0.2530955079176085
15443,2011-11-01,1,0.5201714148219297,0.4805096805917233
15444,2011-11-01,1,0.22815273191372532,0.32335064841310385
15452,2011-11-01,1,0.25439464141729884,0.2012949748027164
15453,2011-11-01,1,0.3675941107030203,0.3234048742128289
15462,2011-11-01,0,0.2535054545694154,0.15759420824894563
15465,2011-11-01,1,0.3241384171205197,0.3384041720051687
15466,2011-11-01,0,0.2570962418402577,0.1722499940979223
15468,2011-11-01,0,0.22427269440102893,0.4670380551377472
15469,2011-11-01,0,0.43950147202261636,0.27145723792281967
15472,2011-11-01,0,0.23470817907795594,0.13380817640094728
15473,2011-11-01,1,0.24043118664851582,0.8229245140772901
15475,2011-11-01,0,0.2574973167859572,0.18782435289650576
15478,2011-11-01,0,0.28076778394258095,0.4766714624533916
15480,2011-11-01,0,0.2357350278874616,0.13065019476887757
15482,2011-11-01,1,0.28843628574322766,0.7019254768313928
15484,2011-11-01,1,0.3410042655383041,0.3591140827631131
15488,2011-11-01,0,0.25189967841027916,0.16042417753527274
15489,2011-11-01,1,0.2269744034712814,0.24182546820563222
15491,2011-11-01,0,0.29373786183313955,0.22392430936098826
15492,2011-11-01,1,0.2575576255307075,0.1942583769183785
15494,2011-11-01,1,0.23730177084658177,0.12579307513199475
15498,2011-11-01,1,0.7011259870423452,0.8685972632071901
15500,2011-11-01,1,0.25624314770547874,0.17962131026019085
15502,2011-11-01,1,0.5534999023792625,0.7091596376705518
15504,2011-11-01,0,0.2534322771487916,0.17961863066091147
15505,2011-11-01,0,0.6047350056180069,0.5497965123662176
15506,2011-11-01,1,0.2273050925517276,0.29347048306132956
15511,2011-11-01,1,0.4123440286843155,0.5602713356050444
15513,2011-11-01,1,0.5788795729713085,0.6132792824530675
15516,2011-11-01,0,0.2430557649939299,0.7636206498147939
15518,2011-11-01,0,0.4088269098771694,0.255390914649936
15521,2011-11-01,0,0.46570768076553537,0.5306845875843921
15522,2011-11-01,1,0.25605569762456537,0.16865530208278812
15523,2011-11-01,0,0.2559067406395543,0.17421915595567083
15527,2011-11-01,1,0.2554812901349697,0.16535810417158942
15529,2011-11-01,1,0.33387432797182515,0.317477129835716
15533,2011-11-01,1,0.32303923111379684,0.2703400146086717
15541,2011-11-01,0,0.23265221999403096,0.13273570568694207
15544,2011-11-01,1,0.23335653107057652,0.12745193400089927
15545,2011-11-01,0,0.22729627543558917,0.2532780344006258
15547,2011-11-01,0,0.6977029743710792,0.7631859471299296
15549,2011-11-01,0,0.25346898825884134,0.18791529357437675
15550,2011-11-01,0,0.23261739114389612,0.1417222778554385
15553,2011-11-01,0,0.22771965052913745,0.23213175480377027
15555,2011-11-01,1,0.49481971489734755,0.6145509174021527
15565,2011-11-01,0,0.32193851561938225,0.39576689511505064
15568,2011-11-01,0,0.3458984773914615,0.3954506502862671
15569,2011-11-01,0,0.2650773847997002,0.19916622913859452
15571,2011-11-01,1,0.25463800986319207,0.18555787846040836
15572,2011-11-01,1,0.23482584893144076,0.13800221191177856
15573,2011-11-01,1,0.25742264681943305,0.17211219527208968
15579,2011-11-01,0,0.22642657005042743,0.20870476595317808
15581,2011-11-01,0,0.07277474197926159,0.15342682587933495
15582,2011-11-01,1,0.23277017733533956,0.14926987132593236
15584,2011-11-01,1,0.3381288099089844,0.3938361300170153
15587,2011-11-01,0,0.3779318921262098,0.33778229001791915
15592,2011-11-01,0,0.22719956269957375,0.28770575296337797
15593,2011-11-01,0,0.2541384510262795,0.20350784382418516
15594,2011-11-01,1,0.3473525346627664,0.27173278025421654
15596,2011-11-01,0,0.23049952613311642,0.1490514179216579
15598,2011-11-01,0,0.22662265312814067,0.2576514914168106
15601,2011-11-01,1,0.5254221227426723,0.4410037540038585
15602,2011-11-01,1,0.25654946470394013,0.2032874430351072
15603,2011-11-01,0,0.25330991240517775,0.18528503844760635
15604,2011-11-01,0,0.2268178774637296,0.2615003623873459
15605,2011-11-01,1,0.2541193570939033,0.1652028727814333
15606,2011-11-01,0,0.40518318150267174,0.2656330322039919
15608,2011-11-01,1,0.424588230464941,0.44441513282772904
15610,2011-11-01,0,0.2263247165978265,0.26495492362396306
15611,2011-11-01,1,0.5824647650063157,0.7077017660954814
15612,2011-11-01,1,0.22573927441688735,0.22877730013022068
15615,2011-11-01,1,0.6215410040705001,0.7864781708073416
15618,2011-11-01,1,0.2812418437667399,0.22805530993312823
15620,2011-11-01,0,0.22801744826606385,0.24566634681234678
15622,2011-11-01,0,0.4614407385225403,0.6843793358628842
15624,2011-11-01,0,0.23171629641788738,0.13052740785207545
15625,2011-11-01,0,0.23285574250870555,0.14514947438318526
15626,2011-11-01,0,0.25685625679374535,0.19388407076389336
15628,2011-11-01,1,0.6365459507912189,0.5458582612462273
15630,2011-11-01,0,0.22829515514609178,0.294256582960617
15632,2011-11-01,1,0.4067958636857193,0.26052854992454993
15636,2011-11-01,0,0.25677523847788464,0.16524590025838848
15637,2011-11-01,0,0.22652368979962756,0.2604184197866892
15640,2011-11-01,1,0.46481959932163786,0.4243190608748123
15641,2011-11-01,0,0.23454275617804554,0.14286759551963837
15652,2011-11-01,0,0.2558146248857809,0.16224924973757518
15653,2011-11-01,0,0.3423377407863024,0.23105694633122975
15656,2011-11-01,0,0.22637348837657867,0.29411068306106136
15659,2011-11-01,0,0.226177744591042,0.303707319127894
15660,2011-11-01,1,0.25645855039609056,0.17223645044461192
15663,2011-11-01,0,0.23225871537538856,0.1417488970885831
15664,2011-11-01,0,0.22674966971471233,0.26932943033623474
15667,2011-11-01,0,0.22680563719607105,0.32841209838562596
15669,2011-11-01,0,0.4197873345113635,0.3113397311056883
15671,2011-11-01,1,0.36642244150909653,0.22080120074958326
15673,2011-11-01,0,0.26069724026446306,0.167234765090546
15674,2011-11-01,0,0.2636990354190395,0.19666543250102814
15675,2011-11-01,0,0.25361239600813634,0.17962265009004677
15677,2011-11-01,0,0.22782957635748358,0.2746691530944394
15678,2011-11-01,0,0.22689351978046446,0.26058055607797054
15680,2011-11-01,1,0.22765846106776755,0.32278004797125115
15683,2011-11-01,0,0.23252794680168842,0.12957422782378847
15687,2011-11-01,1,0.22762527063917615,0.2170032805252266
15689,2011-11-01,0,0.23155145709873015,0.1274700821193503
15690,2011-11-01,0,0.23230252260137463,0.14909284697386296
15694,2011-11-01,1,0.22841612204471073,0.2136586308077712
15696,2011-11-01,1,0.25585453437211414,0.18315757488595372
15701,2011-11-01,0,0.43895000736976186,0.46565468061950965
15706,2011-11-01,0,0.5189661847630392,0.5720410284331604
15707,2011-11-01,1,0.4418198652452986,0.5602396746007612
15708,2011-11-01,0,0.22817327248332842,0.32194779931901674
15712,2011-11-01,1,0.38291463191911645,0.2714658842451351
15714,2011-11-01,1,0.25396336150009013,0.18748046291929069
15719,2011-11-01,1,0.4772293252889763,0.4288059466459342
15722,2011-11-01,1,0.2337685595201877,0.13918387816420394
15727,2011-11-01,1,0.23625790219944387,0.1405150960078849
15730,2011-11-01,0,0.3416088673947588,0.3099788945343981
15734,2011-11-01,0,0.23401414083548777,0.13255512158076577
15737,2011-11-01,1,0.2544002276129763,0.183533209324883
15738,2011-11-01,1,0.573251826048311,0.6020880130462616
15739,2011-11-01,0,0.22651899452133983,0.21417344290367943
15740,2011-11-01,0,0.22627950097100624,0.27445698272228636
15743,2011-11-01,1,0.2318957901320412,0.13369415457250602
15744,2011-11-01,0,0.2533048160543453,0.18734472082282116
15745,2011-11-01,1,0.2554183959219172,0.196195223332055
15747,2011-11-01,1,0.23317091423498515,0.1266863998422101
15748,2011-11-01,0,0.22637097773224035,0.32246247717932663
15750,2011-11-01,1,0.25905053996460436,0.1987843646820403
15752,2011-11-01,0,0.5697599654474247,0.46463903341981694
15754,2011-11-01,0,0.32943601416973556,0.38358195018015523
15755,2011-11-01,1,0.45629217506678754,0.4652633391551478
15756,2011-11-01,0,0.22747999925266293,0.22886690446752364
15757,2011-11-01,0,0.22740201425973416,0.21678954613319212
15762,2011-11-01,0,0.30412290469827175,0.34059227507296547
15763,2011-11-01,1,0.257732150157313,0.1875462158326939
15764,2011-11-01,0,0.3406146594883709,0.44211085426571767
15766,2011-11-01,0,0.22650557037684393,0.2202309367817777
15768,2011-11-01,0,0.2320424172215808,0.13151480795953335
15769,2011-11-01,1,0.6965817217107013,0.896942979450818
15774,2011-11-01,0,0.22659545161414374,0.20863042205794863
15782,2011-11-01,1,0.39208029058770333,0.338959988179272
15786,2011-11-01,0,0.466223073097377,0.46592656661135307
15787,2011-11-01,1,0.2286690788055077,0.2288253716598954
15791,2011-11-01,0,0.22711136777861674,0.3039060581853623
15793,2011-11-01,1,0.22662110775145006,0.3285769201833322
15796,2011-11-01,1,0.3824925138593517,0.2705588704762735
15797,2011-11-01,0,0.233033827890625,0.13388751439865956
15799,2011-11-01,0,0.2576044436659968,0.1919085332049879
15800,2011-11-01,0,0.2356917329518211,0.14048975739766556
15801,2011-11-01,0,0.4659579775511169,0.47982845451651907
15803,2011-11-01,0,0.22676062778959727,0.26572277788066856
15804,2011-11-01,1,0.6361387474311765,0.7493550529480307
15805,2011-11-01,1,0.4587014929159756,0.6117897324667533
15806,2011-11-01,0,0.2264242073986117,0.28888151453326266
15807,2011-11-01,0,0.358282458740218,0.5928820981189713
15810,2011-11-01,0,0.25225895364889195,0.1852479604761827
15811,2011-11-01,1,0.2338873333439231,0.14264227039432686
15812,2011-11-01,0,0.23204275789544104,0.14048648856818716
15814,2011-11-01,1,0.22465136843697076,0.4760728374785869
15815,2011-11-01,0,0.22648141464797367,0.2226417701846086
15819,2011-11-01,0,0.22710720530769213,0.2745234478363579
15821,2011-11-01,0,0.2833040464724995,0.4444812715876547
15826,2011-11-01,0,0.2248593371209041,0.42572850185843586
15827,2011-11-01,0,0.39373448833258184,0.26197539203733344
15829,2011-11-01,0,0.23318140634927542,0.15071742322987117
15831,2011-11-01,0,0.42663370210034,0.25960265139931327
15834,2011-11-01,0,0.2584968780504603,0.2038099556759546
15835,2011-11-01,0,0.22652831192894918,0.2996514673139048
15836,2011-11-01,0,0.22507866676744215,0.2704792071236929
15837,2011-11-01,0,0.2269507131267663,0.2192604946695465
15838,2011-11-01,1,0.5629355683851649,0.5572883520088149
15839,2011-11-01,1,0.25786324403221916,0.1814417763537121
15840,2011-11-01,0,0.22631050296473765,0.23810229498937235
15841,2011-11-01,0,0.3424299987223678,0.30495303692087905
15844,2011-11-01,0,0.22642403445427806,0.2890362130320699
15845,2011-11-01,1,0.25787669533947444,0.1701507859406657
15853,2011-11-01,0,0.22685400437694314,0.26496081291971213
15854,2011-11-01,0,0.25554328062098464,0.1703709106799985
15856,2011-11-01,0,0.8109544074876093,0.9049956431599383
15858,2011-11-01,1,0.31584873018171333,0.35483954775670934
15860,2011-11-01,0,0.6634239234795765,0.5583470430644154
15861,2011-11-01,1,0.22940194029684713,0.29351404221590416
15862,2011-11-01,0,0.23256050881052404,0.1349418903513807
15864,2011-11-01,1,0.3598487778180369,0.296519873872115
15865,2011-11-01,0,0.4059876390778223,0.3501053749797324
15866,2011-11-01,0,0.23313768948564895,0.14791341407683456
15867,2011-11-01,1,0.399495965806833,0.2669245051199393
15874,2011-11-01,0,0.23083831082176776,0.22261903018088858
15885,2011-11-01,0,0.30477363707443594,0.22886537925559627
15886,2011-11-01,0,0.22625022170954845,0.23218351796709294
15888,2011-11-01,0,0.2542601609453372,0.18146639173199539
15901,2011-11-01,1,0.2548179223493314,0.18758715224043981
15903,2011-11-01,1,0.33455468292423196,0.323528657583147
15906,2011-11-01,1,0.2283648317084057,0.2088154743653135
15910,2011-11-01,1,0.3346191857342782,0.29804062972582923
15916,2011-11-01,1,0.25316129484016947,0.18782142080444145
15930,2011-11-01,0,0.22703876885150476,0.21158687343194715
15932,2011-11-01,0,0.3303307234467502,0.24471443585907435
15933,2011-11-01,1,0.35016618245966,0.30808909764349685
15937,2011-11-01,0,0.22632639035235458,0.22007936329777475
15938,2011-11-01,0,0.23209034919204807,0.13477778497250226
15939,2011-11-01,0,0.3895717486052239,0.425081449132118
15947,2011-11-01,0,0.26854286323482235,0.17747560706507037
15948,2011-11-01,0,0.228114311489933,0.3035205146173143
15949,2011-11-01,1,0.25509824159375016,0.20164291841419688
15950,2011-11-01,1,0.3536466782450819,0.2654063855760047
15952,2011-11-01,1,0.2268798282331742,0.20870839385509746
15953,2011-11-01,1,0.28216642347803733,0.42124421717020677
15955,2011-11-01,1,0.7650750222522491,0.8966845175386245
15958,2011-11-01,0,0.2533056595358514,0.1942254296438559
15963,2011-11-01,1,0.22681118628608476,0.29370658727673754
15969,2011-11-01,0,0.22562026002265434,0.27330698590686425
15971,2011-11-01,1,0.541230683910076,0.6932939788522762
15974,2011-11-01,0,0.43047839951527134,0.33217470179278014
15975,2011-11-01,0,0.25660306166945335,0.17399770464412004
15977,2011-11-01,1,0.22686848472407284,0.32992016249041667
15978,2011-11-01,0,0.2637095598167316,0.18782581897716621
15980,2011-11-01,0,0.2927201324970382,0.24264836971830056
15981,2011-11-01,1,0.25677913439936917,0.1876544440563762
15984,2011-11-01,0,0.43764762377530797,0.4634380092354751
15985,2011-11-01,0,0.23256555996356865,0.1239751212766753
15987,2011-11-01,1,0.23211303146128703,0.1265146632930912
15990,2011-11-01,0,0.22727223396922314,0.2996931420454874
15993,2011-11-01,1,0.22943837844444503,0.5360396450567287
15994,2011-11-01,0,0.22729803528996917,0.2531276990141521
15996,2011-11-01,0,0.35358945780926676,0.238230383684881
15998,2011-11-01,1,0.25807670984592856,0.16888101175153858
16007,2011-11-01,0,0.2937778833305362,0.4090079609572084
16008,2011-11-01,1,0.25466350943099014,0.1920801720112851
16009,2011-11-01,1,0.22665520542639817,0.304406034422475
16011,2011-11-01,1,0.6774258527836011,0.6640906017073124
16012,2011-11-01,1,0.2347679092322117,0.11939168506292466
16013,2011-11-01,1,0.7987290782482264,0.9590846931775292
16015,2011-11-01,1,0.22829074418317186,0.27416303207901116
16016,2011-11-01,1,0.2537265426814377,0.1834800515288171
16017,2011-11-01,0,0.22686072381147393,0.28357530212086574
16018,2011-11-01,0,0.22666638573976405,0.3293161400488365
16019,2011-11-01,0,0.2576755886524321,0.48151077063564407
16020,2011-11-01,1,0.2274930195977155,0.21698561657513693
16023,2011-11-01,0,0.22722041545883143,0.28930029545024377
16026,2011-11-01,0,0.2271423828986182,0.3047625165873338
16027,2011-11-01,0,0.2542478710841153,0.16201488819154572
16029,2011-11-01,1,0.9893834364262805,0.9910017978457923
16031,2011-11-01,0,0.2561852402319996,0.16061220364763976
16033,2011-11-01,1,0.5205944881339922,0.5725732629907089
16036,2011-11-01,0,0.25866258868384273,0.16882896190469937
16040,2011-11-01,0,0.2268650087252887,0.21697187995958017
16042,2011-11-01,1,0.3907403991162326,0.4812880813083812
16045,2011-11-01,0,0.23252786666320135,0.12759389643932625
16049,2011-11-01,0,0.41817983643910417,0.6086604332384065
16052,2011-11-01,0,0.22726218203991544,0.25357117330489126
16053,2011-11-01,1,0.23666954897370107,0.12483683213679597
16056,2011-11-01,0,0.22854294400744313,0.2941945573588133
16057,2011-11-01,1,0.3128410949949232,0.39660906101864324
16059,2011-11-01,0,0.2871126240888532,0.3506367810514716
16066,2011-11-01,1,0.5147662822281289,0.4393448141443991
16071,2011-11-01,0,0.2269676209246002,0.2986209772691113
16076,2011-11-01,1,0.6746201783039154,0.729301302113226
16079,2011-11-01,1,0.22665783256023675,0.32252858450617583
16080,2011-11-01,0,0.25364568515946095,0.17937378783623975
16081,2011-11-01,0,0.3688337955141512,0.33540034414355696
16083,2011-11-01,0,0.2352836184966931,0.1490440551794458
16085,2011-11-01,1,0.3287521201496223,0.35313234257139586
16086,2011-11-01,0,0.37543280075185836,0.3061496845406518
16092,2011-11-01,0,0.23283703719668647,0.1325522129761331
16093,2011-11-01,0,0.23201122028725785,0.14151548956844914
16098,2011-11-01,0,0.39030407562196423,0.2286540182875788
16099,2011-11-01,0,0.22641602509918857,0.2697441532904299
16101,2011-11-01,0,0.2664936180849816,0.2033562664447807
16102,2011-11-01,0,0.6083586679959669,0.43058779042719403
16103,2011-11-01,0,0.2551168949083812,0.18340875694602568
16104,2011-11-01,0,0.2269659780977089,0.22845879812969683
16106,2011-11-01,0,0.22638503944098154,0.21659970018314778
16107,2011-11-01,1,0.5004983966648959,0.5002104161774019
16108,2011-11-01,0,0.2614963490536195,0.17386585866848736
16110,2011-11-01,0,0.2306229508371722,0.2940341450247994
16115,2011-11-01,1,0.5666138317287999,0.4591726065293543
16119,2011-11-01,0,0.25564094600775245,0.1985134961211057
16120,2011-11-01,0,0.2195754009178006,0.7592211354573639
16121,2011-11-01,0,0.22992820879814613,0.24212902689176927
16122,2011-11-01,0,0.38579513003833255,0.26455965266721665
16123,2011-11-01,0,0.22670983763609143,0.26472544918442065
16126,2011-11-01,1,0.23929123795988527,0.14769441162262537
16127,2011-11-01,0,0.2280900371554746,0.3292471232235592
16128,2011-11-01,1,0.2601252529107291,0.18773203633274108
16131,2011-11-01,0,0.44573707162258647,0.5810889537643582
16133,2011-11-01,1,0.9245851087000786,0.93453854357639
16136,2011-11-01,0,0.3184217217248052,0.3547557757018455
16139,2011-11-01,1,0.23223570802615767,0.13486279870907325
16140,2011-11-01,0,0.22746559604212824,0.21679150506220315
16141,2011-11-01,0,0.2586643952572506,0.16702503252328393
16143,2011-11-01,0,0.2334196491137993,0.13940157196312883
16145,2011-11-01,0,0.6425305928410436,0.560662623854887
16150,2011-11-01,0,0.6146593143052269,0.4302084181536476
16153,2011-11-01,0,0.4322819267383504,0.28039614609410335
16156,2011-11-01,1,0.37095956747949854,0.3500268957027455
16157,2011-11-01,1,0.25386941456237433,0.19866607574341544
16160,2011-11-01,0,0.3280636606207854,0.32384737975014205
16161,2011-11-01,1,0.41205220132489506,0.5446505968992347
16164,2011-11-01,1,0.22653881005816912,0.30937910086315923
16168,2011-11-01,1,0.749654202479503,0.8085828418367571
16169,2011-11-01,1,0.3732984225078676,0.39400281700113965
16170,2011-11-01,0,0.4147530262296143,0.2853989205811391
16171,2011-11-01,0,0.22591781805747646,0.2355318912028088
16172,2011-11-01,0,0.28270570413641216,0.21755188418799276
16173,2011-11-01,1,0.5666967860518872,0.6395276240930405
16174,2011-11-01,0,0.2317065822794635,0.12117587364075101
16175,2011-11-01,0,0.255648601412398,0.15767764537292484
16177,2011-11-01,0,0.22638522803534722,0.2696952946921916
16179,2011-11-01,0,0.2262777013564098,0.23154599144477608
16180,2011-11-01,0,0.33196033329219876,0.21068208025518692
16181,2011-11-01,0,0.2553900473418147,0.1965063020237847
16182,2011-11-01,0,0.2680277502959869,0.19882218141266012
16183,2011-11-01,0,0.2266976151034379,0.21159992884555154
16184,2011-11-01,0,0.4204477062913088,0.4633159917582769
16186,2011-11-01,1,0.5546832521959906,0.5689168432831104
16187,2011-11-01,1,0.6699363296779364,0.7110806871131911
16188,2011-11-01,0,0.22648874389421936,0.2988656711597534
16189,2011-11-01,1,0.2540976062304179,0.17233992908993614
16190,2011-11-01,0,0.22536371591369375,0.3232930515979171
16191,2011-11-01,1,0.24395635248071867,0.4618988775804483
16198,2011-11-01,0,0.25630650997546345,0.19211085440672954
16201,2011-11-01,1,0.42529166723089074,0.2949302593734086
16203,2011-11-01,0,0.2265696245422929,0.2385842071296098
16205,2011-11-01,1,0.2275099088734579,0.2112740316271535
16206,2011-11-01,0,0.43965226652072453,0.26180745830900887
16208,2011-11-01,0,0.2267723867588568,0.2987037506525111
16209,2011-11-01,0,0.35920388670139414,0.23551431989780167
16210,2011-11-01,1,0.5373735855242106,0.5720805439020537
16211,2011-11-01,0,0.25783070598280866,0.16695562473055683
16213,2011-11-01,0,0.25375379041563073,0.18528361209501976
16215,2011-11-01,0,0.25478243160165726,0.18128603514243408
16218,2011-11-01,1,0.23335630346204528,0.13248680323371664
16224,2011-11-01,0,0.22728011323845732,0.2428469263781237
16225,2011-11-01,0,0.22600184548845403,0.29800542088597787
16229,2011-11-01,0,0.2594600878715322,0.16899824213006398
16232,2011-11-01,0,0.22627925788555558,0.3043825602428274
16233,2011-11-01,0,0.254749958999151,0.20163107514372938
16235,2011-11-01,0,0.37777933470401337,0.3724630396893773
16236,2011-11-01,0,0.2569786319470637,0.1856365952861052
16239,2011-11-01,0,0.22627175776580588,0.24503184103466327
16240,2011-11-01,1,0.2709637966737406,0.18768371655901178
16241,2011-11-01,1,0.5956640295649807,0.6517957645027134
16242,2011-11-01,1,0.2293154006944499,0.21430923653481496
16243,2011-11-01,1,0.22535724744795826,0.2530767336260965
16245,2011-11-01,1,0.2328903830480935,0.12556111679680976
16248,2011-11-01,0,0.22640842769145286,0.2286092109204457
16249,2011-11-01,0,0.40736989392531053,0.28418976663788226
16253,2011-11-01,0,0.23100682728563926,0.21365292473914646
16255,2011-11-01,1,0.256699015474138,0.15594795137913098
16258,2011-11-01,0,0.4848316649997023,0.2619837568527748
16260,2011-11-01,0,0.22786460144067155,0.26909520059927233
16261,2011-11-01,1,0.38027444461111426,0.26103333056577305
16265,2011-11-01,1,0.43529235796311516,0.29423031528262994
16266,2011-11-01,0,0.39476048173266154,0.260205501319618
16268,2011-11-01,0,0.28522201484129683,0.32509332734674906
16271,2011-11-01,1,0.2330979901988065,0.12133214897297259
16272,2011-11-01,0,0.23378839341798863,0.130495690310683
16278,2011-11-01,0,0.23262937993896304,0.14939921819106283
16279,2011-11-01,1,0.25715884695712476,0.16893901439504683
16281,2011-11-01,0,0.27203433756214823,0.1989768879211036
16283,2011-11-01,0,0.3880570971798729,0.25804805901561306
16284,2011-11-01,1,0.22772043440125433,0.26986943597887875
16292,2011-11-01,0,0.2330590008112261,0.12567208822887888
16293,2011-11-01,1,0.44699335189744005,0.7511749250989056
16295,2011-11-01,1,0.2570155523483766,0.3932866003281222
16298,2011-11-01,1,0.22643464390982437,0.2648430777179505
16302,2011-11-01,0,0.2327533325987997,0.1210412056829913
16303,2011-11-01,1,0.24575167545269994,0.13152626102762358
16308,2011-11-01,1,0.23250989027415558,0.14031753494005042
16309,2011-11-01,0,0.23323975472298342,0.1417364180724067
16311,2011-11-01,1,0.22723883224426644,0.27421671692922395
16313,2011-11-01,0,0.22625777476356523,0.2734325323722192
16316,2011-11-01,0,0.22801744195059437,0.21983728468765298
16317,2011-11-01,0,0.23288415579763333,0.12759726432793173
16321,2011-11-01,0,0.2806657278571709,0.3186295744137776
16324,2011-11-01,0,0.23724643784244714,0.13429736515666757
16325,2011-11-01,0,0.22626540256041106,0.2876674265257184
16326,2011-11-01,1,0.6617449684520205,0.6683056660262926
16327,2011-11-01,1,0.2604087574510393,0.18153480312092227
16330,2011-11-01,1,0.23585521689217392,0.1686244978476171
16332,2011-11-01,1,0.3918594698893152,0.6202471942030321
16333,2011-11-01,1,0.4921460101796271,0.43437592094668676
16340,2011-11-01,0,0.23646040529931212,0.14051427849005854
16341,2011-11-01,1,0.26011582605183403,0.17209621514615264
16342,2011-11-01,0,0.36262741610908844,0.2687954930334027
16345,2011-11-01,0,0.22747654474933976,0.29971208904249735
16348,2011-11-01,1,0.42060176374858405,0.2384179385745622
16350,2011-11-01,1,0.32365503560740294,0.3262507804961835
16353,2011-11-01,1,0.6024935912674312,0.7127617856945135
16354,2011-11-01,0,0.29656286960696876,0.354871676085948
16358,2011-11-01,0,0.3154526021046571,0.3410876731443441
16359,2011-11-01,0,0.3457471365634178,0.30591289959541124
16360,2011-11-01,1,0.38742254198408466,0.531952171276348
16361,2011-11-01,1,0.35703419925875446,0.40835828147098635
16362,2011-11-01,1,0.41468132216945686,0.6539757483052843
16363,2011-11-01,0,0.2260385322789914,0.25734589763085247
16365,2011-11-01,1,0.23102499545294353,0.12396494983984474
16369,2011-11-01,1,0.25823427308451874,0.18136523820687894
16370,2011-11-01,0,0.3791888633781829,0.24656479837944567
16374,2011-11-01,0,0.22842515511490136,0.2143628368712455
16379,2011-11-01,1,0.2576676558409958,0.18524083181258774
16380,2011-11-01,0,0.22894417319214588,0.2291514869410308
16383,2011-11-01,0,0.2567988150309587,0.19413762537165175
16384,2011-11-01,0,0.2538813392549327,0.1652481654873228
16385,2011-11-01,0,0.22684105112350617,0.23201930691797726
16389,2011-11-01,0,0.3349585787818994,0.3650922149703378
16393,2011-11-01,1,0.38573301729502296,0.32297845544168663
16394,2011-11-01,0,0.31039110510071266,0.3762108684042265
16395,2011-11-01,0,0.32115928248665837,0.35059579345191455
16400,2011-11-01,0,0.2559037884369101,0.15754892159478137
16401,2011-11-01,1,0.3854734081562019,0.3514872057110664
16404,2011-11-01,0,0.25672074351872864,0.20383416378637464
16407,2011-11-01,1,0.39102072066161797,0.4600774993672561
16409,2011-11-01,1,0.25615190097464047,0.16877339887310447
16412,2011-11-01,0,0.22682522750176293,0.2570714938275939
16413,2011-11-01,0,0.2270575638485216,0.24558306676165764
16415,2011-11-01,0,0.22735103389772982,0.2991522976787901
16416,2011-11-01,1,0.2733391609758835,0.47071317365769044
16418,2011-11-01,0,0.4074803238795056,0.3355626665383354
16419,2011-11-01,0,0.2934735221857304,0.18529983006807754
16422,2011-11-01,1,0.9517535888086567,0.923594875673588
16426,2011-11-01,1,0.4683142130893587,0.6599466584762449
16429,2011-11-01,0,0.2278760985847471,0.14165245012901162
16430,2011-11-01,0,0.22609142415905836,0.24239404827710173
16432,2011-11-01,0,0.22607617044667117,0.21985945277364244
16434,2011-11-01,1,0.40558397039801186,0.3229077566010136
16438,2011-11-01,1,0.37927137965044166,0.3662823530392057
16440,2011-11-01,1,0.2776186225553432,0.407979322723003
16441,2011-11-01,0,0.2261054800272868,0.21191561920051236
16444,2011-11-01,0,0.4067350788141679,0.3264898139366129
16451,2011-11-01,0,0.2553128628197582,0.1684325529653217
16454,2011-11-01,0,0.2863292920589926,0.4315222084114591
16455,2011-11-01,0,0.35552989359635756,0.30885051183218637
16456,2011-11-01,0,0.26596748135122705,0.21020589527464065
16458,2011-11-01,1,0.6545444754983495,0.6493042755112568
16460,2011-11-01,1,0.33339397665963966,0.31121922557229353
16462,2011-11-01,0,0.2519777281365303,0.196195223332055
16463,2011-11-01,1,0.2462309485629378,0.45491830345475853
16464,2011-11-01,1,0.2601087319216976,0.1815649206068279
16466,2011-11-01,1,0.47654552110823,0.4548938159814067
16468,2011-11-01,0,0.25200989499526727,0.19427563951794388
16469,2011-11-01,1,0.255208244628226,0.1689046814559292
16470,2011-11-01,0,0.4263427962756965,0.2793117343754989
16474,2011-11-01,1,0.45349244564583935,0.669560192568324
16475,2011-11-01,0,0.23609684773056028,0.16712461839218748
16477,2011-11-01,0,0.22741302326395318,0.22227437266988237
16478,2011-11-01,1,0.24260979462401133,0.36479947022684917
16480,2011-11-01,0,0.26064765602217954,0.19180753378319396
16485,2011-11-01,0,0.25672939141975604,0.18786834536107191
16488,2011-11-01,1,0.23141025177367147,0.132478813153928
16491,2011-11-01,0,0.22819145413937036,0.28798131421457357
16493,2011-11-01,0,0.25826290063672686,0.18334589633477447
16497,2011-11-01,0,0.22983266475557285,0.27378154183656417
16503,2011-11-01,0,0.23272817510444743,0.14154617879055006
16506,2011-11-01,1,0.2259798933572631,0.32325318929983604
16513,2011-11-01,1,0.2255924665095912,0.30500981545103684
16515,2011-11-01,0,0.3793380794109549,0.33022345546425813
16518,2011-11-01,0,0.22711096253696328,0.22907260766834153
16523,2011-11-01,1,0.6536150468222315,0.7401030277313952
16525,2011-11-01,1,0.5077848279233738,0.5511988202829834
16527,2011-11-01,0,0.25488717359910296,0.1798278816568939
16531,2011-11-01,1,0.4276183348175585,0.24337376921492923
16533,2011-11-01,1,0.27450181843367316,0.39411154360164513
16536,2011-11-01,0,0.2345318558053121,0.13711703721808585
16542,2011-11-01,0,0.22601400076516964,0.25677282315667843
16549,2011-11-01,1,0.6361232670184216,0.5574482433185473
16550,2011-11-01,0,0.23448955704544028,0.13916944298045522
16551,2011-11-01,0,0.255334829333719,0.1559106635612264
16554,2011-11-01,0,0.22760944397088134,0.31075677286142783
16555,2011-11-01,1,0.2323827954615606,0.13808741397241064
16556,2011-11-01,0,0.34700322105398285,0.2841381218490337
16558,2011-11-01,1,0.6716169627777706,0.6563266927077201
16561,2011-11-01,0,0.22684491904239823,0.23484334044836228
16563,2011-11-01,0,0.22811301664812234,0.25694972780125663
16566,2011-11-01,1,0.2262157675338453,0.2451800970865412
16570,2011-11-01,1,0.4595224059408475,0.42903572087969377
16572,2011-11-01,0,0.2327866491304753,0.12042030323564164
16573,2011-11-01,0,0.2563767463393761,0.1736715963175351
16574,2011-11-01,0,0.25742924882737683,0.20124608983105413
16582,2011-11-01,0,0.23258069492964917,0.13388603057913176
16584,2011-11-01,0,0.25566205586413704,0.1815690283172286
16589,2011-11-01,0,0.37528583235348,0.27609146225053477
16591,2011-11-01,0,0.22602774385098323,0.2084837048333716
16592,2011-11-01,1,0.22414607023622501,0.47623601044081737
16593,2011-11-01,0,0.2259454558052476,0.26964645415946886
16594,2011-11-01,0,0.2554848680415749,0.19203416695809852
16595,2011-11-01,0,0.22851115724665816,0.22883411413872126
16600,2011-11-01,1,0.25388886241528597,0.19429447497708743
16601,2011-11-01,0,0.22688032039906414,0.3220136887883587
16603,2011-11-01,0,0.35010566545957944,0.2927322526604588
16607,2011-11-01,1,0.5350652407466351,0.426368013676725
16609,2011-11-01,1,0.2664886655525176,0.16846316055545751
16612,2011-11-01,1,0.23226709039130078,0.12766870557944887
16613,2011-11-01,0,0.25897008557572254,0.2039327854045191
16621,2011-11-01,0,0.22594565914567133,0.2651376160500908
16624,2011-11-01,0,0.25661063420050634,0.18147870194598098
16626,2011-11-01,1,0.8106872961933325,0.7724400834928034
16627,2011-11-01,0,0.2554780539007687,0.18363681631194292
16628,2011-11-01,1,0.23400388315722154,0.14156692232205256
16629,2011-11-01,0,0.3675513183566026,0.28821108272342605
16633,2011-11-01,1,0.561455344207036,0.4678891065248041
16637,2011-11-01,1,0.4177272144479556,0.2596616271088159
16638,2011-11-01,1,0.3171233774958049,0.40085786148096075
16641,2011-11-01,0,0.23261446004045505,0.14280422974647095
16648,2011-11-01,0,0.22699054982696232,0.30932247626898685
16650,2011-11-01,0,0.25777518592994597,0.20086258679677044
16652,2011-11-01,0,0.4009065168154088,0.5954542674007587
16653,2011-11-01,1,0.26437257096295586,0.2012444045701888
16655,2011-11-01,1,0.2641638230959158,0.19207863815113385
16656,2011-11-01,1,0.6968058570371707,0.6557111322930937
16667,2011-11-01,0,0.22716232518292334,0.20899722072226265
16668,2011-11-01,1,0.23221238191909133,0.13055843552744564
16669,2011-11-01,1,0.2869561143743897,0.28729020426971225
16670,2011-11-01,1,0.3765844022658763,0.29231697224610276
16672,2011-11-01,1,0.5344484891473966,0.5364837866677452
16674,2011-11-01,0,0.3916233077648563,0.31163596545833033
16678,2011-11-01,1,0.3330031629700265,0.2169504479805735
16680,2011-11-01,0,0.22636006272735054,0.30563579045451444
16681,2011-11-01,0,0.3189451034846459,0.31508157413138116
16682,2011-11-01,0,0.3655050245791852,0.32222958917622013
16684,2011-11-01,1,0.2534959367892302,0.841254021752402
16685,2011-11-01,0,0.22508630722579948,0.38748022166433094
16686,2011-11-01,0,0.4969637583159636,0.4981301413484973
16688,2011-11-01,1,0.28288972340333873,0.4509853243742659
16689,2011-11-01,0,0.3208726708946331,0.29951732262625647
16690,2011-11-01,0,0.25351931790377547,0.19898512380181196
16693,2011-11-01,0,0.2270187197446093,0.20853258738627667
16700,2011-11-01,1,0.3916103429877502,0.2440797313506611
16701,2011-11-01,0,0.2629572759611455,0.4825006918962873
16705,2011-11-01,1,0.6628056824813056,0.7991145450477676
16706,2011-11-01,1,0.31989503546817566,0.21811255626291906
16708,2011-11-01,0,0.22769639227590188,0.29354308902303494
16709,2011-11-01,0,0.26268889428726305,0.17380063800750464
16710,2011-11-01,1,0.255567872108851,0.19446730529483303
16712,2011-11-01,1,0.3165968227178324,0.22666700191909894
16713,2011-11-01,1,0.4632318414005383,0.45402638606292833
16715,2011-11-01,0,0.255499619791569,0.18598806276581575
16717,2011-11-01,1,0.2570131823307077,0.15596004857775683
16719,2011-11-01,1,0.2546872474177704,0.19394035844261928
16722,2011-11-01,1,0.4784318590928839,0.6091232828413319
16723,2011-11-01,0,0.32039820559086973,0.23726259661837382
16728,2011-11-01,0,0.22959157874480784,0.2888850285234508
16729,2011-11-01,1,0.6238107475023309,0.6749337347078582
16730,2011-11-01,0,0.2274390541842478,0.26139719840144787
16734,2011-11-01,0,0.43664536829122713,0.46404952034871044
16735,2011-11-01,0,0.4093051516469767,0.48186218961810545
16737,2011-11-01,0,0.22694113619532208,0.2571490425182259
16742,2011-11-01,0,0.15027919551769708,0.28834490420548037
16743,2011-11-01,1,0.23353515112007417,0.13394021139426968
16744,2011-11-01,1,0.4800519144463352,0.5211383389309796
16745,2011-11-01,0,0.44905502952071497,0.4254350346557943
16746,2011-11-01,1,0.535308880349188,0.5528872393662497
16747,2011-11-01,1,0.2274123281498508,0.21107712433630144
16750,2011-11-01,0,0.5610015115164455,0.4477892902249988
16753,2011-11-01,0,0.22705059198901012,0.23868654137583367
16755,2011-11-01,0,0.23548510515585241,0.1326650152130475
16758,2011-11-01,0,0.22675329381288933,0.21708967953665986
16761,2011-11-01,0,0.25578313036213185,0.15456924914943881
16762,2011-11-01,1,0.22720753260954896,0.293097145107951
16764,2011-11-01,1,0.7620079145446161,0.7167558103955223
16767,2011-11-01,1,0.3335640041151323,0.22983824356962862
16768,2011-11-01,0,0.3947520431763113,0.30627846177102647
16770,2011-11-01,0,0.2270775651947028,0.24203591859538867
16771,2011-11-01,1,0.25806052814191527,0.19210164864948545
16773,2011-11-01,0,0.2265725751705766,0.2423694845005754
16774,2011-11-01,0,0.37399738472530464,0.265050226577239
16775,2011-11-01,1,0.5187503698708387,0.4412512160098372
16776,2011-11-01,0,0.22811575486283087,0.23200132551062932
16777,2011-11-01,0,0.25311232545676876,0.1815635514116614
16778,2011-11-01,0,0.2541355771495102,0.19423641081517104
16779,2011-11-01,1,0.38370382767804456,0.2762424387478056
16780,2011-11-01,0,0.23347889938616773,0.14934098422970393
16782,2011-11-01,1,0.25394444343978695,0.18730680687406145
16788,2011-11-01,0,0.23475311445117464,0.12391284749939747
16791,2011-11-01,1,0.421020177247899,0.261455111287445
16793,2011-11-01,0,0.22671727326631974,0.2424456486773437
16794,2011-11-01,1,0.5041790492622271,0.48295482889808933
16796,2011-11-01,0,0.25592068125340206,0.16543185684652617
16803,2011-11-01,0,0.22711378869532417,0.21705236233091457
16806,2011-11-01,0,0.2334624998977609,0.14541698469938188
16808,2011-11-01,0,0.23212666896661338,0.1508766527255597
16809,2011-11-01,1,0.22671302244583302,0.22876637763837868
16813,2011-11-01,0,0.5834294045830646,0.5877132026681922
16814,2011-11-01,1,0.5559033984148591,0.6045286672015087
16816,2011-11-01,0,0.2315277913616547,0.14535482707435393
16818,2011-11-01,1,0.5827732998191495,0.5395950024487333
16820,2011-11-01,0,0.2574615488176849,0.15605992253052517
16826,2011-11-01,0,0.22681573582228287,0.2655718025977548
16828,2011-11-01,0,0.32664233572803436,0.23081462788452037
16835,2011-11-01,0,0.23193854819779025,0.11946600621505812
16836,2011-11-01,0,0.46268467408840286,0.28430303220989345
16837,2011-11-01,1,0.22808453686858698,0.23511088071802108
16839,2011-11-01,1,0.7564642816862028,0.7805844547378235
16842,2011-11-01,0,0.2332377166505616,0.14903945383682168
16843,2011-11-01,0,0.5609443409886504,0.74067267152757
16846,2011-11-01,0,0.22647396189752278,0.2698724931384428
16847,2011-11-01,0,0.22639569418701955,0.30466841595960525
16848,2011-11-01,0,0.22684452289686163,0.2604582236826559
16851,2011-11-01,0,0.2631846363326127,0.49894461982301197
16855,2011-11-01,1,0.22636420848553518,0.30538350808979053
16861,2011-11-01,0,0.22625469344144633,0.2347328147834989
16869,2011-11-01,1,0.2273292821515458,0.26530284958602773
16871,2011-11-01,1,0.256003293444361,0.16556591567238899
16872,2011-11-01,0,0.3492114453087988,0.2687983475164252
16873,2011-11-01,0,0.4310110306100684,0.25314315362869333
16875,2011-11-01,0,0.22903068792566006,0.2114508211619881
16877,2011-11-01,1,0.2272292638096579,0.323363942997886
16878,2011-11-01,0,0.2529466291411756,0.17430739108843454
16880,2011-11-01,1,0.3198134741039651,0.21250840838953539
16881,2011-11-01,0,0.22677799033438228,0.21381281131307853
16882,2011-11-01,0,0.22735834234529917,0.21382995637932484
16885,2011-11-01,1,0.22663237475271014,0.26562210824335714
16891,2011-11-01,1,0.2540828994006702,0.15602459886045728
16895,2011-11-01,0,0.22765454273385488,0.2196500443585276
16899,2011-11-01,1,0.2535387547303418,0.16519834488518828
16900,2011-11-01,1,0.22899716489431743,0.22271415606147096
16902,2011-11-01,0,0.2386958859475271,0.13063960055699675
16904,2011-11-01,1,0.3879139203834201,0.4082299785341851
16905,2011-11-01,1,0.2294991866171987,0.28407349669197623
16906,2011-11-01,0,0.25534038883278165,0.17946335164478316
16909,2011-11-01,0,0.2559470936525222,0.19915493627019115
16910,2011-11-01,1,0.6239557275058003,0.8136731117128746
16912,2011-11-01,1,0.2223074747013497,0.5891318790854381
16915,2011-11-01,1,0.4861741565864114,0.2623951883368052
16918,2011-11-01,0,0.46172026622579165,0.6477460835825157
16921,2011-11-01,0,0.22744833301437506,0.22924358240340725
16923,2011-11-01,1,0.4505900720066749,0.5139138683804537
16924,2011-11-01,1,0.3221142852895348,0.32800583802304134
16927,2011-11-01,0,0.23236339425148578,0.13153055644444453
16928,2011-11-01,0,0.7016304177584469,0.7171613372249152
16929,2011-11-01,1,0.43651333139747917,0.24550924576989422
16930,2011-11-01,1,0.22459226344149896,0.34173719255262336
16931,2011-11-01,1,0.6242068626582373,0.784274518355905
16932,2011-11-01,0,0.22725919842157927,0.2573403482145202
16934,2011-11-01,0,0.22538993484516978,0.44080247068651884
16940,2011-11-01,0,0.23090383638575007,0.261236885897823
16945,2011-11-01,1,0.5637132900758572,0.6744440833989421
16949,2011-11-01,0,0.22659346143962444,0.3222159236784702
16950,2011-11-01,0,0.43502174049357045,0.2607362268694356
16952,2011-11-01,0,0.2353882185052517,0.1757693437000117
16954,2011-11-01,1,0.423530854705923,0.2580846085749472
16959,2011-11-01,0,0.2536778354121708,0.16884078857873486
16960,2011-11-01,1,0.22710526193737812,0.231828398914293
16961,2011-11-01,0,0.23273232710540315,0.1306177113168118
16966,2011-11-01,1,0.22573463056887844,0.2984668434427549
16968,2011-11-01,0,0.23246771822113477,0.14031671972967558
16969,2011-11-01,0,0.22603082264062557,0.3290356582159655
16978,2011-11-01,0,0.2566316238658509,0.1876047019337077
16979,2011-11-01,1,0.22668984977356121,0.26520545441197924
16982,2011-11-01,0,0.22721587681681865,0.2319204441510489
16983,2011-11-01,1,0.2564943442536445,0.1545543979132986
16984,2011-11-01,0,0.2671942833905071,0.16706207377096235
16985,2011-11-01,1,0.25645698115906046,0.16705628498589004
16987,2011-11-01,0,0.27068803342118986,0.7186431435864865
16989,2011-11-01,1,0.4218482019355533,0.5042893567889516
16992,2011-11-01,1,0.25566091390728307,0.15163120412109193
16996,2011-11-01,1,0.2328765074229291,0.12575708164132954
16999,2011-11-01,1,0.2551678505545927,0.19441699538076196
17001,2011-11-01,1,0.5241706252341995,0.4689037148837583
17002,2011-11-01,0,0.2574447403526491,0.17214170489649933
17004,2011-11-01,0,0.40803659137921877,0.33400285407199687
17006,2011-11-01,1,0.2551479064990366,0.1918610807181097
17007,2011-11-01,0,0.22684710238055206,0.26929898737401764
17014,2011-11-01,1,0.22626218328843162,0.21393288522936932
17015,2011-11-01,1,0.26369176715990483,0.20164630246392823
17017,2011-11-01,1,0.3511585560079328,0.39852340935991526
17018,2011-11-01,0,0.2265388225165047,0.32215874374180975
17024,2011-11-01,0,0.3879589190253949,0.3175835537145284
17025,2011-11-01,0,0.22626976392212927,0.23146766873533658
17027,2011-11-01,0,0.28179902555119163,0.28690364515670713
17029,2011-11-01,0,0.23308177760599424,0.1368932557337966
17030,2011-11-01,0,0.22627232238251194,0.22216109922628136
17033,2011-11-01,0,0.2562067947414526,0.1705264255203889
17034,2011-11-01,1,0.25469467054996753,0.1831185644490022
17037,2011-11-01,0,0.2662938288317265,0.16868244960814294
17041,2011-11-01,1,0.23381741626889418,0.13910612411032816
17042,2011-11-01,0,0.23292632399126745,0.12570803290641297
17043,2011-11-01,1,0.2283671753453388,0.26501382860055656
17045,2011-11-01,0,0.23254668084888652,0.1338912240919528
17047,2011-11-01,0,0.2561691145595124,0.1721995241079555
17048,2011-11-01,0,0.23078315813731232,0.12952769911051193
17049,2011-11-01,1,0.5238786745732983,0.45529313394727466
17050,2011-11-01,0,0.2585603243647493,0.15472089585319934
17058,2011-11-01,0,0.2558411690614022,0.17933504934285271
17059,2011-11-01,1,0.2371138135201486,0.13708824638898834
17061,2011-11-01,0,0.38491616731208256,0.2672617839189086
17063,2011-11-01,1,0.22458593680963013,0.41657640162244386
17064,2011-11-01,0,0.22684536695853375,0.23826824814733677
17068,2011-11-01,1,0.623268547206421,0.6888069835065279
17069,2011-11-01,1,0.31490314498563066,0.29125671646458623
17070,2011-11-01,0,0.23418718079886225,0.13282545295424122
17071,2011-11-01,1,0.34676013770479863,0.328503078355742
17073,2011-11-01,1,0.49007608972159633,0.47810655794907464
17079,2011-11-01,0,0.253250897678702,0.1857569474138006
17081,2011-11-01,1,0.22626019614051507,0.28857613240323804
17083,2011-11-01,0,0.23345873753411606,0.13823835434405035
17085,2011-11-01,0,0.23390323538051894,0.1238887174105951
17086,2011-11-01,1,0.27545727789587204,0.42409156445435964
17088,2011-11-01,1,0.25627742620259075,0.19855284884402316
17090,2011-11-01,0,0.4705700268611004,0.5123260110763339
17091,2011-11-01,1,0.2858968550462413,0.20781719245815927
17092,2011-11-01,0,0.5671640752534384,0.43387532819741076
17096,2011-11-01,1,0.22620179893775705,0.2390561615916407
17097,2011-11-01,1,0.3267557387541159,0.46995112812305895
17101,2011-11-01,1,0.22729153862328977,0.26529104022428773
17107,2011-11-01,1,0.2755148850838981,0.19207863815113385
17109,2011-11-01,1,0.22626098071750744,0.29913719799367433
17111,2011-11-01,0,0.22696279140768616,0.28419577684386066
17119,2011-11-01,0,0.22749948199961612,0.23500471317909935
17122,2011-11-01,0,0.23234259472075602,0.12766937993581448
17125,2011-11-01,0,0.22679000045742537,0.2700131989608562
17131,2011-11-01,1,0.3664063128831274,0.6038221136268409
17133,2011-11-01,1,0.26728089879728223,0.16871314871212914
17134,2011-11-01,0,0.23148545551232402,0.1414524941592899
17135,2011-11-01,1,0.22645679629241255,0.2610424899549553
17139,2011-11-01,1,0.5269396842582084,0.5548633357260675
17144,2011-11-01,0,0.2577367007963831,0.1739436862328295
17146,2011-11-01,0,0.2229039053392804,0.1428000073693501
17147,2011-11-01,1,0.25607495980846273,0.18112920059703636
17148,2011-11-01,0,0.22646047211550513,0.2648460197973579
17154,2011-11-01,0,0.25606025127457555,0.19199431389701654
17159,2011-11-01,1,0.25674468254530736,0.19219988931928475
17160,2011-11-01,1,0.23543953187256983,0.1381347941217831
17163,2011-11-01,1,0.25323228424101807,0.18578562588173034
17164,2011-11-01,1,0.26052397093308866,0.1833989757745941
17169,2011-11-01,0,0.22771721706908576,0.24175214272091833
17172,2011-11-01,0,0.2557614788684345,0.18524510894435187
17173,2011-11-01,1,0.5059390727325088,0.5804560913034351
17175,2011-11-01,0,0.2263024665674106,0.2995908707742782
17180,2011-11-01,0,0.22707927427884445,0.2461342850982656
17181,2011-11-01,0,0.2263612088589262,0.24239650493298304
17183,2011-11-01,1,0.4685380028026538,0.4945648271642893
17186,2011-11-01,0,0.27208304088124846,0.44390049621645306
17189,2011-11-01,0,0.23270085384441352,0.14193968453543318
17190,2011-11-01,0,0.22674052781256127,0.23844631594897525
17191,2011-11-01,1,0.2569598653515447,0.15753657523205886
17193,2011-11-01,1,0.44395627174026997,0.6833174727948775
17201,2011-11-01,0,0.2273870194499128,0.2569607925850362
17203,2011-11-01,1,0.25688396688838233,0.6692190296431821
17205,2011-11-01,0,0.22648681722697794,0.2571019537025515
17206,2011-11-01,0,0.22637483512828926,0.25721000707087993
17211,2011-11-01,1,0.22692518504402792,0.28321716835449134
17213,2011-11-01,0,0.22476945817323946,0.5786265452137273
17214,2011-11-01,0,0.3373511031822345,0.3336090650490828
17218,2011-11-01,1,0.35593857984700084,0.3036799216006326
17220,2011-11-01,1,0.6397402857900585,0.6433902882096963
17222,2011-11-01,0,0.22714598714583367,0.21699346686024693
17227,2011-11-01,1,0.29413050774682525,0.3707403244573982
17228,2011-11-01,1,0.335370313380026,0.3234598803095398
17229,2011-11-01,0,0.2544821186828873,0.1547288333246314
17231,2011-11-01,1,0.4202824215070893,0.2528343036241578
17238,2011-11-01,1,0.36234802157002977,0.3515734840958193
17242,2011-11-01,0,0.23331736830938132,0.13934849130546836
17243,2011-11-01,1,0.581364928842342,0.5875742903916044
17244,2011-11-01,0,0.2284814664283028,0.25752638646719106
17248,2011-11-01,0,0.23438510847976424,0.12666648362187408
17252,2011-11-01,0,0.23098929069808205,0.13044779092713893
17255,2011-11-01,0,0.22699629964230317,0.3223171395699801
17256,2011-11-01,0,0.2315622965397266,0.1404464578037594
17262,2011-11-01,0,0.22572248284775476,0.26118253968226823
17267,2011-11-01,0,0.23655855441816354,0.13647866667648045
17268,2011-11-01,0,0.2325822782614383,0.14028004510782655
17272,2011-11-01,0,0.25255969046558446,0.5311066725457672
17279,2011-11-01,0,0.22548260707126577,0.24197959890717627
17284,2011-11-01,0,0.413318407947463,0.2645223137822565
17287,2011-11-01,1,0.25492956535505507,0.1941501639326718
17293,2011-11-01,1,0.5156551827857628,0.5666271769575648
17295,2011-11-01,1,0.22699491488429735,0.2196641264760251
17298,2011-11-01,0,0.31268704868070807,0.20986971872074092
17299,2011-11-01,1,0.30590337838059756,0.24464409691754652
17302,2011-11-01,1,0.23306086535672055,0.12460968041035715
17306,2011-11-01,1,0.49973328777715464,0.42050302271461215
17309,2011-11-01,0,0.2535098964669614,0.15625600863064895
17311,2011-11-01,0,0.26061553361240697,0.18563802712453215
17314,2011-11-01,1,0.22830999427763665,0.2389296446107132
17315,2011-11-01,1,0.8383219314670138,0.8821397870176845
17317,2011-11-01,0,0.4546040953479271,0.5469999960483921
17320,2011-11-01,0,0.23314285532121604,0.14919513767639384
17321,2011-11-01,0,0.22936700617628558,0.211218265457453
17323,2011-11-01,1,0.4215215085268702,0.25745096429558806
17330,2011-11-01,1,0.22614666322011834,0.2112033995074334
17331,2011-11-01,0,0.23067175769431114,0.1237998983918106
17333,2011-11-01,0,0.25780162136576945,0.17195866389702724
17338,2011-11-01,1,0.2379150793161241,0.13270946122293362
17339,2011-11-01,0,0.25416574155227845,0.1576127421557155
17340,2011-11-01,1,0.4882869215377543,0.5433522116166657
17344,2011-11-01,0,0.2268277273723842,0.28853406264886416
17345,2011-11-01,1,0.25372828254464597,0.15915179089364243
17346,2011-11-01,1,0.42931371343754265,0.6197031480050222
17347,2011-11-01,0,0.25492222808898146,0.17042753804082764
17348,2011-11-01,1,0.25811282637264965,0.20104406190677715
17350,2011-11-01,0,0.25513577383449804,0.49129646911424596
17354,2011-11-01,0,0.22870142938910376,0.2692594220242178
17361,2011-11-01,0,0.22631455808222378,0.27469133949036495
17365,2011-11-01,1,0.381356597179488,0.3431006142934375
17368,2011-11-01,1,0.2522788335182182,0.15919170522773923
17370,2011-11-01,0,0.425695419720416,0.5093542991195534
17372,2011-11-01,0,0.2877432264382327,0.45663602807063713
17373,2011-11-01,0,0.35444564519468236,0.40871468693021484
17376,2011-11-01,0,0.25364392138641767,0.2035940691040075
17377,2011-11-01,1,0.781186043068408,0.7731969369039613
17381,2011-11-01,1,0.5059673214784604,0.7552261614451723
17382,2011-11-01,0,0.2246835572104522,0.2168894972221899
17386,2011-11-01,0,0.29399331919389327,0.4002495739566736
17388,2011-11-01,0,0.2537981278287146,0.18740162078242212
17389,2011-11-01,1,0.6168033293584398,0.5320079728510465
17396,2011-11-01,0,0.3109942591520032,0.42638461653049775
17398,2011-11-01,0,0.23156118717747542,0.13251005260478013
17400,2011-11-01,0,0.2366002772622522,0.12125608909135314
17402,2011-11-01,1,0.5923634253606042,0.6825298817365626
17404,2011-11-01,1,0.6749484512399442,0.6377007537671324
17405,2011-11-01,0,0.2574446865992416,0.19853317051317257
17410,2011-11-01,1,0.37109618128737865,0.3119227392416072
17411,2011-11-01,1,0.2552472901422759,0.1917280340081212
17412,2011-11-01,1,0.22634716660449905,0.23519865779198754
17414,2011-11-01,0,0.22601335575758652,0.3043708245492919
17415,2011-11-01,0,0.25496691957567585,0.1834856456242487
17416,2011-11-01,1,0.3730791831840996,0.2629016870974447
17418,2011-11-01,0,0.2266402797420739,0.3103042872430349
17419,2011-11-01,1,0.22726363513154457,0.2193306707837556
17420,2011-11-01,0,0.2262746263276183,0.27004686820121093
17422,2011-11-01,1,0.25640709878338463,0.15920536475530894
17423,2011-11-01,0,0.22671816347080542,0.2886743440734029
17425,2011-11-01,1,0.22827575440143233,0.23180596009763682
17426,2011-11-01,0,0.26318722846046216,0.1623464642961189
17427,2011-11-01,0,0.2529877710083748,0.2010272447409564
17428,2011-11-01,1,0.7373623970918001,0.7142790200244389
17429,2011-11-01,0,0.23241779725737888,0.11944948238323673
17433,2011-11-01,0,0.2566876899038929,0.1671095570457849
17434,2011-11-01,1,0.36621569607189475,0.34871557518020485
17442,2011-11-01,1,0.3538549489962681,0.22572654439987289
17447,2011-11-01,0,0.3564854627033104,0.40791249344489355
17449,2011-11-01,0,0.43030946585275676,0.5285767944890494
17450,2011-11-01,1,0.9999999998223114,0.9833694788045854
17451,2011-11-01,1,0.4732702184304486,0.6094382632710122
17453,2011-11-01,1,0.22672670094422764,0.22022891441127385
17457,2011-11-01,0,0.2322624653262897,0.12115280104786524
17459,2011-11-01,0,0.28150638454700583,0.45165298730524217
17460,2011-11-01,0,0.2538135832101077,0.15771063268035387
17462,2011-11-01,0,0.2261510068332081,0.2321182552200562
17463,2011-11-01,1,0.22841719787586945,0.2742293517808161
17466,2011-11-01,1,0.256722926572686,0.18521659849420427
17469,2011-11-01,1,0.38079074450896866,0.27138045204583916
17470,2011-11-01,0,0.48418748012132484,0.2623435592643847
17475,2011-11-01,0,0.25474632528881136,0.18366063457849127
17480,2011-11-01,0,0.25805566305260075,0.18750091439727537
17481,2011-11-01,1,0.2552348308634631,0.15888760447021114
17483,2011-11-01,0,0.22617536230302648,0.21689930137019756
17489,2011-11-01,0,0.22667436259174656,0.23807386944063233
17490,2011-11-01,0,0.37156451270431123,0.5586201104035987
17491,2011-11-01,1,0.3671257303006886,0.2875594671767067
17498,2011-11-01,0,0.2552602945195136,0.19187638538431365
17506,2011-11-01,0,0.255439163007115,0.19180600431395742
17509,2011-11-01,0,0.25877586955454956,0.8750143095756608
17511,2011-11-01,1,0.8806327592211941,0.8172926484724711
17512,2011-11-01,1,0.44470194324219947,0.2689754937502994
17513,2011-11-01,0,0.2569258697932747,0.19914998613729398
17514,2011-11-01,0,0.2333146228844154,0.11953392007641048
17516,2011-11-01,1,0.2326994703431443,0.12768084508804248
17520,2011-11-01,0,0.2274576826797009,0.2569856918975111
17521,2011-11-01,1,0.2271065183723805,0.2169620691691281
17527,2011-11-01,0,0.48470241395726343,0.4771778073724052
17528,2011-11-01,1,0.46672215675759643,0.8297583746353909
17530,2011-11-01,1,0.39062162063662753,0.3574518810224836
17534,2011-11-01,0,0.2264729611999753,0.2571047231466529
17545,2011-11-01,0,0.22440743178691114,0.7858770584816095
17549,2011-11-01,1,0.22623793275007298,0.26486367367395236
17552,2011-11-01,0,0.30097814870529715,0.36946840915083456
17554,2011-11-01,1,0.4205046915165228,0.2618936310269479
17557,2011-11-01,1,0.37290198289615206,0.3682782997446928
17560,2011-11-01,0,0.2540900198620487,0.15735469218819573
17562,2011-11-01,1,0.581249835233461,0.5641022422295396
17564,2011-11-01,1,0.36470469264788963,0.37133101573471466
17567,2011-11-01,0,0.3710085604880816,0.3215608667244183
17571,2011-11-01,0,0.23205981510469031,0.2702459979327992
17572,2011-11-01,0,0.3518180889213487,0.28742834087463326
17573,2011-11-01,1,0.3250282879482761,0.2592901992601723
17576,2011-11-01,1,0.6594085297025203,0.7497601781687265
17581,2011-11-01,1,0.43421947203733113,0.5706053330425985
17584,2011-11-01,0,0.2344076890951189,0.12033520396143996
17585,2011-11-01,0,0.23424350225881496,0.13813321425738548
17588,2011-11-01,0,0.23300284840518648,0.14920067092277348
17589,2011-11-01,0,0.22877122894938906,0.23252845246825452
17590,2011-11-01,1,0.22782788445464552,0.322788878608496
17591,2011-11-01,0,0.4192790022380387,0.25064620622233175
17593,2011-11-01,0,0.26227447839157814,0.1619550446211662
17594,2011-11-01,0,0.2598451190349409,0.17242995871374958
17596,2011-11-01,1,0.2831288197588475,0.4335203908886412
17602,2011-11-01,1,0.5999642903716521,0.44056623033451203
17603,2011-11-01,0,0.25370889287082654,0.18564805061724365
17609,2011-11-01,0,0.3757251491340087,0.6186015812070448
17611,2011-11-01,1,0.5838618448334544,0.4427386272480957
17612,2011-11-01,0,0.4983497211042405,0.468763149810465
17613,2011-11-01,1,0.5742041167111331,0.5776312878768315
17614,2011-11-01,0,0.22893961929113293,0.2425759775683423
17620,2011-11-01,0,0.22597476616002277,0.23515476094213728
17625,2011-11-01,1,0.2279207289931916,0.2652644730808814
17628,2011-11-01,0,0.253360396257724,0.17974734238072598
17629,2011-11-01,1,0.3891688230049506,0.25980520544157854
17633,2011-11-01,1,0.4674559723103645,0.43872475212903705
17634,2011-11-01,1,0.5558532020063353,0.44436486487727056
17637,2011-11-01,1,0.23327080184467386,0.13162727783804481
17640,2011-11-01,0,0.2579099726322983,0.17013997490944707
17642,2011-11-01,0,0.23299716312322483,0.127452606060951
17644,2011-11-01,1,0.3966234246304483,0.24803936064229726
17647,2011-11-01,0,0.2254285072068828,0.21718991102753116
17648,2011-11-01,0,0.22757169942435107,0.23154599144477608
17651,2011-11-01,1,0.4739894287871925,0.7142966075816229
17652,2011-11-01,1,0.47936428906284057,0.6930509680884053
17653,2011-11-01,1,0.3024042244848866,0.21469891323032622
17655,2011-11-01,1,0.46421606815395144,0.28383621787594543
17656,2011-11-01,0,0.6216499373977563,0.6207250515829303
17659,2011-11-01,1,0.5397870159248723,0.5418127489310715
17663,2011-11-01,1,0.2555443568332936,0.17400273133074154
17666,2011-11-01,0,0.22671790655029134,0.2166564229730761
17667,2011-11-01,0,0.22674963897089317,0.21426905407856753
17669,2011-11-01,0,0.5799720272909545,0.44554799360926495
17672,2011-11-01,0,0.2315158469909877,0.2699428273305357
17673,2011-11-01,0,0.22726905646214246,0.21402637043578912
17674,2011-11-01,0,0.25529768761744576,0.19421601820878218
17675,2011-11-01,1,0.8006228486211326,0.8161363698076661
17676,2011-11-01,0,0.48954086266244357,0.4310723924002347
17677,2011-11-01,1,0.7885157099623219,0.854713643951198
17679,2011-11-01,0,0.3707013084446986,0.34558865988689935
17682,2011-11-01,1,0.23353090790281916,0.13171121862861804
17684,2011-11-01,0,0.22658178358824466,0.30412458980227075
17685,2011-11-01,1,0.26569659755337793,0.16697412779700185
17686,2011-11-01,0,0.39675555841740306,0.24544807083613096
17690,2011-11-01,1,0.4404536527497783,0.504896623372899
17692,2011-11-01,0,0.23234722989702306,0.12032861679927809
17696,2011-11-01,1,0.23281928307865274,0.1393034850009932
17700,2011-11-01,1,0.25836075666936376,0.15737111622526306
17702,2011-11-01,1,0.23365212720859274,0.1390941080765595
17703,2011-11-01,1,0.23310191311514072,0.13820829792030065
17705,2011-11-01,1,0.3668415429236198,0.2716041142905652
17706,2011-11-01,0,0.5797234424228944,0.8050881443972719
17712,2011-11-01,0,0.22722392281616766,0.2988995843210585
17716,2011-11-01,1,0.6858677945622556,0.6941181811192113
17719,2011-11-01,1,0.6564343041050948,0.6846517983833632
17720,2011-11-01,1,0.23249181426426135,0.13386377724810017
17722,2011-11-01,0,0.25544982018628637,0.15481421289278696
17723,2011-11-01,0,0.23380998810513798,0.1204941136387234
17724,2011-11-01,0,0.3323463464931127,0.31651264633655224
17725,2011-11-01,1,0.5929431275910878,0.593916547658026
17728,2011-11-01,0,0.3296560553393253,0.32135981917665146
17730,2011-11-01,1,0.6749811780004854,0.6556107050121364
17731,2011-11-01,0,0.41989259267104595,0.23738958833994425
17734,2011-11-01,0,0.22624435299923706,0.2570659564582667
17735,2011-11-01,1,0.5663670477801928,0.5410293898552581
17736,2011-11-01,1,0.44273583660534244,0.2887558104913583
17737,2011-11-01,1,0.2262417427362996,0.2388962477316639
17739,2011-11-01,1,0.28988336539852744,0.35056822374756275
17742,2011-11-01,0,0.2309036094335084,0.13381632828974027
17747,2011-11-01,0,0.231230844749316,0.13456534597018696
17750,2011-11-01,1,0.5271024179451049,0.5858259708001292
17754,2011-11-01,1,0.22618596531691426,0.21684048993620308
17757,2011-11-01,1,0.5768729873034145,0.5834082648501631
17758,2011-11-01,1,0.34783035188943523,0.36358654220597597
17764,2011-11-01,0,0.2281514309311733,0.269347699486305
17769,2011-11-01,1,0.25259793365871885,0.42414234989159566
17771,2011-11-01,0,0.22682130811540613,0.24552001401541984
17774,2011-11-01,0,0.255337248427554,0.1546623822816741
17777,2011-11-01,1,0.4141986171056107,0.3193679324748001
17779,2011-11-01,1,0.2546666813225854,0.1685821655981105
17783,2011-11-01,0,0.2550418199429231,0.19909225294502816
17785,2011-11-01,0,0.2263911699753216,0.2572599090631705
17786,2011-11-01,0,0.25515241466778527,0.1721552335471354
17788,2011-11-01,0,0.2594465619528725,0.19617121226568818
17790,2011-11-01,1,0.4055436775813077,0.26396805076238417
17796,2011-11-01,0,0.22549069374155706,0.3232000553685908
17799,2011-11-01,1,0.23443941008993963,0.1506017465690818
17800,2011-11-01,1,0.5299158823161686,0.4566797763459438
17802,2011-11-01,0,0.26017364326408843,0.17780315458875184
17805,2011-11-01,0,0.2568892713346391,0.19633139821487228
17809,2011-11-01,1,0.2525261301217492,0.41264451952940984
17811,2011-11-01,1,0.8768482334067672,0.8952497548354039
17813,2011-11-01,1,0.3476692874385142,0.6098032672887409
17816,2011-11-01,1,0.22606166723373555,0.21702880025971177
17819,2011-11-01,0,0.2533235594573606,0.20096504593212372
17824,2011-11-01,0,0.22673648882177722,0.26559843257687493
17828,2011-11-01,1,0.23169948600677237,0.13792262770100672
17832,2011-11-01,0,0.22769673213281072,0.27393274693497394
17836,2011-11-01,0,0.22675989002399777,0.28424335934930395
17837,2011-11-01,0,0.4896289793659264,0.8151335133861466
17838,2011-11-01,1,0.2580143480097412,0.16546932586043447
17839,2011-11-01,0,0.2277375474379646,0.3113950012848298
17841,2011-11-01,1,1.0,0.9988420737880848
17844,2011-11-01,0,0.23215619889663053,0.14153041779029535
17846,2011-11-01,0,0.04161959443291674,0.17233869646480351
17848,2011-11-01,0,0.40848019521537093,0.2355463804212554
17857,2011-11-01,1,0.6763341892788858,0.6600818594796696
17858,2011-11-01,0,0.566755544204024,0.5691288617121806
17863,2011-11-01,0,0.329420920730502,0.3476873619958896
17864,2011-11-01,1,0.2559556347710116,0.16540688699076603
17865,2011-11-01,1,0.8064340965015834,0.9065364565213584
17869,2011-11-01,0,0.23502461601810498,0.18143352996114523
17870,2011-11-01,1,0.6398708467173386,0.5596249895693364
17873,2011-11-01,0,0.2552263976228364,0.18181034235357726
17878,2011-11-01,0,0.2270334023898184,0.3041792732188569
17883,2011-11-01,1,0.25369890127068384,0.17045767442332668
17888,2011-11-01,1,0.3193944475883622,0.35077213854253075
17892,2011-11-01,0,0.24454718648361962,0.4226244032981333
17894,2011-11-01,0,0.3717667385476061,0.2918882222221769
17895,2011-11-01,0,0.22641750499117186,0.29992825890445257
17898,2011-11-01,0,0.2533277034732696,0.1723091187879806
17905,2011-11-01,0,0.2544727586717628,0.20164122643236165
17913,2011-11-01,0,0.22683943824271857,0.23833232143918195
17917,2011-11-01,0,0.22672222593817415,0.29376112822723804
17919,2011-11-01,0,0.2649516107205352,0.1670597582084733
17920,2011-11-01,1,0.47138598655847463,0.48958475237079385
17921,2011-11-01,0,0.22723379460613968,0.22045970717594313
17924,2011-11-01,1,0.3125971217367518,0.647244783273488
17928,2011-11-01,0,0.22586896295639136,0.29387755174411195
17929,2011-11-01,1,0.23155486205579268,0.13459833119900996
17930,2011-11-01,1,0.28971016034472796,0.3553343197352346
17934,2011-11-01,0,0.25862592855629685,0.4378859935078582
17937,2011-11-01,1,0.23258693892029014,0.13261332059664374
17940,2011-11-01,0,0.5324715019341815,0.4287937902387455
17949,2011-11-01,1,0.973301343651852,0.9580644400104809
17950,2011-11-01,0,0.25524076439791943,0.19901148324787254
17951,2011-11-01,0,0.22707193065851716,0.328842826861469
17954,2011-11-01,0,0.39834629660321563,0.25384875442239946
17957,2011-11-01,0,0.22675981723863148,0.21431880603411835
17958,2011-11-01,0,0.23251704641003856,0.1305563195337587
17961,2011-11-01,1,0.8046042701366167,0.7488715613683843
17965,2011-11-01,1,0.38769028075621403,0.5301333639861933
17973,2011-11-01,0,0.22669728912396647,0.2649490345952371
17974,2011-11-01,1,0.22694948677247162,0.29953786945220184
17975,2011-11-01,1,0.381528395239794,0.2717515574644541
17986,2011-11-01,0,0.2260087269333133,0.2459215914066957
17988,2011-11-01,1,0.23833634958499506,0.2908976855638273
17994,2011-11-01,0,0.23212817364032512,0.12564400039096352
17997,2011-11-01,0,0.5231164650394062,0.6059419450460026
18001,2011-11-01,1,0.25577192646338,0.17029386198261068
18005,2011-11-01,0,0.22635535591634848,0.2839275809602706
18008,2011-11-01,0,0.3105259211821899,0.3278706397133986
18016,2011-11-01,1,0.2593167511158396,0.1942646538690136
18017,2011-11-01,0,0.25441185745495465,0.17981982445608705
18018,2011-11-01,0,0.23244278588563883,0.1394788527390112
18019,2011-11-01,0,0.2254135747409124,0.2652320094976719
18027,2011-11-01,0,0.25406345642369943,0.15173416539240164
18030,2011-11-01,0,0.2256864443158455,0.3105283220590466
18033,2011-11-01,0,0.2266882792959053,0.2174064158817682
18035,2011-11-01,1,0.22432963203607115,0.547245024087136
18036,2011-11-01,1,0.23259767777321527,0.14280929693015942
18041,2011-11-01,1,0.44455358450274773,0.48227742140817526
18042,2011-11-01,0,0.2256906696335187,0.2569441957733028
18044,2011-11-01,1,0.25676862852224625,0.16861518706903753
18045,2011-11-01,0,0.22716025503577275,0.29371385820290274
18053,2011-11-01,0,0.2558148020664106,0.20323069914863248
18055,2011-11-01,0,0.6262097352454161,0.4311934180524306
18059,2011-11-01,1,0.29678182032294265,0.41791506239358445
18061,2011-11-01,1,0.35563359714754783,0.2815129393529707
18065,2011-11-01,0,0.3133371956661266,0.45617726936185804
18066,2011-11-01,0,0.25550365640212647,0.19215996682019165
18067,2011-11-01,0,0.2274391544039872,0.32328862195196595
18069,2011-11-01,1,0.2633283454701292,0.1672370855392642
18073,2011-11-01,0,0.287749168843772,0.18030572325379637
18075,2011-11-01,1,0.36876183147070263,0.2901584739723524
18077,2011-11-01,1,0.5667093747244344,0.5690347203740641
18079,2011-11-01,0,0.49928600877219276,0.4345949036403192
18081,2011-11-01,1,0.2317653895390227,0.13475297825146576
18087,2011-11-01,0,0.12199083605121708,0.15199601376197824
18088,2011-11-01,0,0.2270456882367039,0.22889095676480653
18092,2011-11-01,1,0.3783465443914553,0.2383334891241595
18093,2011-11-01,0,0.35173778062917893,0.22667157174504562
18094,2011-11-01,0,0.28451106342361054,0.27221863327904416
18096,2011-11-01,1,0.25904380121231085,0.40001603877482295
18097,2011-11-01,0,0.2367945951035667,0.13781763398045366
18099,2011-11-01,0,0.232617591403384,0.12039512045538857
18102,2011-11-01,1,0.9999999494759951,0.9858107475523903
18109,2011-11-01,1,0.7406796049423121,0.7132066458128472
18116,2011-11-01,0,0.22694034989010625,0.21115509978398234
18118,2011-11-01,1,0.5691496587090799,0.7543435457071666
18122,2011-11-01,1,0.3541656324024667,0.3460123551435996
18126,2011-11-01,0,0.22753910234034613,0.23190023274850816
18130,2011-11-01,1,0.2271206658926106,0.24256859666030764
18135,2011-11-01,1,0.2535820610518438,0.18160052698914644
18136,2011-11-01,0,0.22625934278260373,0.22301040012776618
18143,2011-11-01,0,0.23408872808924053,0.13054785624746032
18144,2011-11-01,1,0.36162877986171804,0.2617943845544105
18145,2011-11-01,1,0.26416651310479666,0.16863996172041285
18147,2011-11-01,0,0.41643828285298923,0.297063947039393
18149,2011-11-01,0,0.2261242200354745,0.26953357956343665
18154,2011-11-01,0,0.22643617381211356,0.30400747911361253
18155,2011-11-01,0,0.2534896314557512,0.1919789902410566
18158,2011-11-01,1,0.25647669592951483,0.16673852249919469
18160,2011-11-01,0,0.22687073517129208,0.2425489164697826
18161,2011-11-01,1,0.22700270152149427,0.21967016222896438
18167,2011-11-01,1,0.23337894337006782,0.14274598308879002
18169,2011-11-01,0,0.22620972343775225,0.23189798725768898
18170,2011-11-01,1,0.2330584534814395,0.1349192832360553
18171,2011-11-01,0,0.3500779058281209,0.3052859524890339
18172,2011-11-01,1,0.5989619965045603,0.6163741459530523
18173,2011-11-01,0,0.2560355391855115,0.17029987888507456
18178,2011-11-01,0,0.23405880354677244,0.11931274682144109
18179,2011-11-01,1,0.22723637975905964,0.2572626819743569
18180,2011-11-01,0,0.40758675129868516,0.5411823311623619
18188,2011-11-01,1,0.2642987522662319,0.18761640356942727
18189,2011-11-01,0,0.25728400796283823,0.18759007695932467
18192,2011-11-01,0,0.2624023518206665,0.2008659444392622
18194,2011-11-01,0,0.2612199390905662,0.17768902992911123
18196,2011-11-01,0,0.2563472586509613,0.1563187798592594
18198,2011-11-01,1,0.3589921323381805,0.2855619679504033
18200,2011-11-01,0,0.23293060584405034,0.14189464888449696
18204,2011-11-01,0,0.3924615412588984,0.27149451409840075
18205,2011-11-01,1,0.2545075369895017,0.19407025860369828
18210,2011-11-01,1,0.23003693181805818,0.2658205611153353
18211,2011-11-01,1,0.38670166504153825,0.3561001047182125
18215,2011-11-01,0,0.2555369493755255,0.16557273806547337
18217,2011-11-01,1,0.255938970867004,0.20340102691800604
18219,2011-11-01,0,0.22685459640917216,0.3057423507439763
18221,2011-11-01,1,0.3830329958094133,0.26946762975173627
18222,2011-11-01,0,0.2567779585780112,0.16046046623812113
18223,2011-11-01,0,0.49101977710400746,0.5241433711395226
18225,2011-11-01,1,0.5467297352764192,0.4701241968714577
18226,2011-11-01,0,0.5681072816681711,0.44995820105424644
18228,2011-11-01,0,0.3309276713862158,0.35583339431315775
18229,2011-11-01,1,0.6077948960446001,0.6833629441104191
18230,2011-11-01,1,0.2574201695938867,0.15760347465428182
18232,2011-11-01,0,0.2531028835160747,0.17946335164478316
18235,2011-11-01,0,0.42538450243860815,0.25529983758312763
18236,2011-11-01,1,0.2535382077315198,0.18319520796653402
18237,2011-11-01,0,0.47641612337320516,0.4446823027611599
18240,2011-11-01,0,0.22589792070680714,0.28856911990445255
18241,2011-11-01,1,0.931152245193761,0.9203821030404524
18242,2011-11-01,0,0.2931233775291129,0.31834630254204277
18248,2011-11-01,0,0.23283324020427743,0.12465787268602428
18251,2011-11-01,0,0.2866264295529496,0.16884078857873486
18252,2011-11-01,0,0.22875860375961377,0.269652558238452
18255,2011-11-01,0,0.25377917013575935,0.16538079025194263
18257,2011-11-01,0,0.5158886391977151,0.5880654223511895
18259,2011-11-01,1,0.26123466607181745,0.1722857103775742
18261,2011-11-01,0,0.41850572202115477,0.32854165743524133
18265,2011-11-01,0,0.2550630647598561,0.19889950428479497
18272,2011-11-01,0,0.4349380246574118,0.2868927087330131
18273,2011-11-01,0,0.25356742634514307,0.156020562893526
18276,2011-11-01,0,0.22673968867892358,0.3040621192232699
18277,2011-11-01,0,0.22611254462481378,0.2389916925484293
18278,2011-11-01,0,0.2542214386702336,0.19634582790656932
18282,2011-11-01,0,0.23146685370599418,0.121181339493589
18283,2011-11-01,1,0.4203174531641308,0.3288322956628036
18287,2011-11-01,0,0.27756517809176984,0.46170931859051983
